,class_class_prob_0_bnn,class_class_prob_1_bnn,class_class_prob_2_bnn,class_class_prob_3_bnn,class,class_pred_label_bnn,bnn_uncertainty,split
0,0.000280914,0.9948438,1.2247088e-05,0.004863116,0,1,0.0069608823,Test
1,0.043453705,0.47334737,0.046285976,0.43691295,0,1,0.2864532,Test
2,0.05546298,0.10225183,0.10687286,0.7354123,0,3,0.1669763,Test
3,0.3415113,0.49450475,0.027640294,0.13634369,0,1,0.27439255,Test
4,0.6926678,0.24424481,0.036789328,0.0262981,0,0,0.32107666,Test
5,0.6990361,0.0026993703,0.14082702,0.15743747,0,0,0.24235582,Test
6,0.40151024,0.1236737,0.13794838,0.3368677,1,0,0.35442162,Test
7,0.1588918,0.4353698,0.14450113,0.26123726,0,1,0.27140343,Test
8,0.72621787,0.009608043,0.14801593,0.1161582,0,0,0.28959054,Test
9,0.090148486,0.12086729,0.4645492,0.32443506,0,2,0.24141736,Test
10,0.6526847,0.282901,0.031106526,0.033307772,0,0,0.282326,Test
11,0.4592665,0.02796584,0.4345796,0.07818805,0,0,0.27198243,Test
12,0.6663753,0.1470578,0.044978246,0.14158866,0,0,0.2158331,Test
13,0.30002654,0.14303006,0.25990373,0.2970397,0,0,0.28587943,Test
14,0.98918104,0.0013782897,0.0020190473,0.00742165,0,0,0.021971859,Test
15,0.016335253,0.7198181,0.01041046,0.25343606,0,1,0.28072622,Test
16,0.33736563,0.10641326,0.36444482,0.19177625,0,2,0.2347248,Test
17,0.004066509,0.31437284,0.12275406,0.5588066,0,3,0.40900788,Test
18,0.56495154,0.13064143,0.07658768,0.2278193,0,0,0.29450503,Test
19,0.69503963,0.013275859,0.091067016,0.20061763,0,0,0.39356804,Test
20,0.20783122,0.04956409,0.007068886,0.73553586,0,3,0.28899014,Test
21,0.6693088,0.18258378,0.07589325,0.07221415,1,0,0.26125425,Test
22,0.8824663,0.039862335,0.0407709,0.03690046,0,0,0.085285805,Test
23,0.020475416,0.0030088,0.016694954,0.95982075,1,3,0.085123055,Test
24,0.022197708,0.054296054,0.009778194,0.9137281,1,3,0.059278753,Test
25,0.9393163,0.027373958,0.008883564,0.024426196,0,0,0.057596512,Test
26,0.40582424,0.24267606,0.22540355,0.12609619,0,0,0.29465994,Test
27,0.49802166,0.13368283,0.047441028,0.32085449,0,0,0.3888985,Test
28,0.013770739,0.6678382,0.023494054,0.29489702,0,1,0.32982755,Test
29,0.85595435,0.006734617,0.068406895,0.068904154,0,0,0.20090146,Test
30,0.20716846,0.52116996,0.015502853,0.2561587,0,1,0.31007823,Test
31,0.10741534,0.0024721704,0.03185375,0.8582587,0,3,0.1697113,Test
32,0.5547804,0.06727953,0.10951133,0.26842865,0,0,0.36129922,Test
33,0.61836374,0.004782856,0.17663383,0.20021959,1,0,0.27322668,Test
34,0.66951644,0.0041289325,0.07177487,0.25457972,0,0,0.3104756,Test
35,0.43384638,0.14654478,0.18657748,0.23303127,1,0,0.28513893,Test
36,0.34754315,0.0038630744,0.0021966489,0.6463971,1,3,0.3951137,Test
37,0.85095036,0.003679681,0.08649959,0.058870412,0,0,0.105358444,Test
38,0.28396577,0.32419974,0.19902216,0.19281238,0,1,0.28006145,Test
39,0.1059132,0.8755978,0.010249088,0.008239988,0,1,0.12867244,Test
40,0.21326618,0.25722444,0.038229056,0.49128026,0,3,0.349959,Test
41,0.13578829,0.05040599,0.14734578,0.66646,0,3,0.25614592,Test
42,0.010428992,0.4201959,0.004607069,0.5647681,0,3,0.36611968,Test
43,0.61161184,0.16922547,0.06931884,0.14984387,0,0,0.34491163,Test
44,0.09941265,0.30963668,0.15678486,0.4341658,0,3,0.24717836,Test
45,0.70066833,0.0013549535,0.01990338,0.27807337,0,0,0.4168488,Test
46,0.006947355,4.496657e-05,0.020192064,0.97281563,0,3,0.041110408,Test
47,0.5178337,0.059878707,0.10754506,0.31474257,0,0,0.34589,Test
48,0.15460733,0.18321225,0.025266463,0.6369139,0,3,0.2656701,Test
49,0.31743687,0.016151953,0.22123137,0.4451798,0,3,0.34763047,Test
50,0.4514637,0.006117381,0.063140236,0.4792787,0,3,0.32642874,Test
51,0.05200558,0.59395134,0.006256675,0.34778637,1,1,0.2977976,Test
52,0.0060031437,0.2918876,0.04063441,0.6614748,0,3,0.2957325,Test
53,0.73064595,0.032273453,0.08356065,0.15351999,0,0,0.31667766,Test
54,0.0054335995,0.0009900272,0.10913728,0.8844391,1,3,0.16204175,Test
55,0.19340555,0.4725341,0.18766657,0.14639378,0,1,0.35089362,Test
56,0.43973216,0.029608846,0.05241547,0.47824353,0,3,0.3643501,Test
57,0.007888832,0.00064721814,0.03174354,0.9597203,0,3,0.055006865,Test
58,0.3886978,0.21932273,0.27245736,0.11952212,0,0,0.16971233,Test
59,0.17265701,0.59176767,0.058018792,0.17755644,0,1,0.2647503,Test
60,0.8463069,0.04516925,0.027408278,0.08111559,0,0,0.20772274,Test
61,0.7430365,0.081134126,0.08095864,0.094870746,0,0,0.19555752,Test
62,0.24492617,0.033035073,0.068292916,0.65374583,0,3,0.3399582,Test
63,0.6062854,0.0009718381,0.16811348,0.22462931,1,0,0.3336769,Test
64,0.22510846,0.006470953,0.7126156,0.055804975,0,2,0.1921557,Test
65,0.21048792,0.050595414,0.052788414,0.68612826,1,3,0.35313994,Test
66,0.12251023,0.77713627,0.06599921,0.03435428,0,1,0.17490676,Test
67,0.30259424,0.24813862,0.03457112,0.41469604,0,3,0.25608793,Test
68,0.6405452,0.12393154,0.19651368,0.0390096,0,0,0.23721582,Test
69,0.46465808,0.023891998,0.4838152,0.027634744,0,2,0.32824224,Test
70,0.5449413,0.13149479,0.1562362,0.16732769,0,0,0.3654259,Test
71,0.2918627,0.0033189491,0.040529434,0.6642889,0,3,0.3086407,Test
72,0.020368155,0.807026,0.0032079644,0.16939786,1,1,0.27836278,Test
73,0.068096,0.08802402,0.031833425,0.8120465,0,3,0.2890322,Test
74,0.08023199,0.110424794,0.09888103,0.7104622,0,3,0.22143622,Test
75,0.302566,0.2768274,0.04543177,0.37517476,0,3,0.3360581,Test
76,0.032524835,0.0014667067,0.0548079,0.9112005,0,3,0.17065226,Test
77,0.59094083,0.0012530604,0.018817123,0.3889889,1,0,0.3888923,Test
78,0.011266827,0.00067909784,0.100709476,0.88734454,0,3,0.27137017,Test
79,0.49472827,0.0017999224,0.14297353,0.36049828,1,0,0.31689957,Test
80,0.7012753,0.0010064103,0.055711545,0.24200669,0,0,0.37350678,Test
81,0.010485483,1.3920217e-05,0.115466535,0.8740341,0,3,0.22662522,Test
82,0.028101424,0.0046087354,0.05352213,0.9137677,0,3,0.114913315,Test
83,0.27212375,0.030352304,0.124857605,0.5726663,0,3,0.36131993,Test
84,0.31808993,0.008649853,0.06708999,0.6061702,0,3,0.4092468,Test
85,0.9030345,0.0862969,0.0026512332,0.008017389,0,0,0.23094721,Test
86,0.17432415,0.54246455,0.22013184,0.06307946,0,1,0.29790652,Test
87,0.5763558,0.0036077085,0.09405291,0.32598355,0,0,0.41175932,Test
88,0.011403066,0.91690284,0.0057902224,0.06590391,0,1,0.19106336,Test
89,0.9401288,0.003256778,0.03786242,0.018752022,0,0,0.07198236,Test
90,0.03867658,0.00045537893,0.12472876,0.8361392,0,3,0.19242169,Test
91,0.17093925,0.34744737,0.08215748,0.3994559,0,3,0.2587803,Test
92,0.6727922,0.00039062352,0.09994506,0.22687213,0,0,0.36539584,Test
93,0.110539176,0.0447621,0.022313146,0.8223856,1,3,0.16760871,Test
94,0.1545337,0.020606387,0.07096876,0.75389117,0,3,0.26904625,Test
95,0.14141752,0.13992241,0.049859982,0.66880006,0,3,0.32549933,Test
96,0.35712737,0.00498792,0.03467176,0.60321295,0,3,0.4380566,Test
97,0.74999183,0.03085878,0.1655864,0.053562958,0,0,0.32475036,Test
98,0.11672704,0.6098435,0.08541672,0.18801273,0,1,0.26756293,Test
99,9.258062e-06,0.99989146,4.611333e-06,9.47047e-05,0,1,0.00014381086,Test
100,0.48530492,0.18434832,0.12059374,0.20975304,1,0,0.2988833,Test
101,0.4553607,0.019637575,0.044298023,0.48070374,0,3,0.3456395,Test
102,0.14524871,0.54799056,0.09522934,0.21153143,0,1,0.31977317,Test
103,0.09349097,0.020756891,0.06396828,0.8217839,0,3,0.19819504,Test
104,0.035509847,0.14025423,0.08558457,0.7386514,0,3,0.2123191,Test
105,0.9927429,3.999829e-05,0.0055269776,0.0016901025,1,0,0.022918597,Test
106,0.77840745,0.026285613,0.10255244,0.09275453,0,0,0.12323327,Test
107,0.9960276,6.713348e-06,0.0037562654,0.00020953943,0,0,0.0063088373,Test
108,0.12837356,0.8152417,0.007160656,0.04922413,0,1,0.2184601,Test
109,0.48188514,0.0076107634,0.27545494,0.23504913,0,0,0.36328536,Test
110,0.2319587,0.0026990653,0.03620597,0.7291362,1,3,0.38631073,Test
111,0.0060840114,0.54859364,0.0047565866,0.44056576,1,1,0.2792171,Test
112,0.3162058,0.57169324,0.092197046,0.019903872,0,1,0.29702187,Test
113,0.29816902,0.07387312,0.05719303,0.57076484,0,3,0.35853413,Test
114,0.26739448,0.0006728754,0.012637885,0.7192948,0,3,0.40241995,Test
115,0.00062733295,1.605064e-05,0.0063155354,0.99304116,0,3,0.007808323,Test
116,0.025617996,0.5013291,0.04908232,0.42397055,0,1,0.2949683,Test
117,0.090266556,0.8802131,0.0077409795,0.021779355,0,1,0.18779285,Test
118,0.20846212,0.15092462,0.0340064,0.60660696,1,3,0.34894887,Test
119,0.7678309,0.00046441116,0.123783395,0.10792124,0,0,0.31382114,Test
120,0.052317597,0.0043144245,0.13012806,0.81323993,1,3,0.14845112,Test
121,0.18895371,0.22644508,0.10781028,0.4767909,0,3,0.31638756,Test
122,0.21731274,0.29715896,0.16057383,0.32495445,0,3,0.24166681,Test
123,0.56001514,0.13560778,0.009180252,0.29519686,1,0,0.40108973,Test
124,0.5479153,0.004899983,0.1620693,0.28511545,0,0,0.39775357,Test
125,0.67713314,0.024410482,0.06496575,0.23349062,0,0,0.3714761,Test
126,0.066039756,0.059980374,0.28669828,0.5872816,0,3,0.24982199,Test
127,0.83728236,0.0012622324,0.02427441,0.13718098,0,0,0.2979747,Test
128,0.37566555,0.070680104,0.070755355,0.48289895,0,3,0.3773264,Test
129,0.7112716,0.00087539444,0.05284633,0.23500672,0,0,0.38204002,Test
130,0.17228994,0.05864512,0.27603683,0.49302807,0,3,0.30596024,Test
131,0.13102388,0.011503991,0.16153409,0.6959381,0,3,0.29993582,Test
132,0.6268505,0.03641216,0.20648304,0.13025424,0,0,0.28069615,Test
133,0.037097625,0.14048052,0.055528045,0.76689386,0,3,0.22118811,Test
134,0.21602495,0.50975984,0.12589349,0.1483217,1,1,0.34569687,Test
135,0.40142936,0.08431749,0.091498,0.42275515,0,3,0.4082555,Test
136,0.5474455,0.0036421618,0.050229274,0.39868304,0,0,0.37214756,Test
137,0.3615293,0.22337906,0.018254343,0.39683732,1,3,0.31198213,Test
138,0.10135181,0.575518,0.16480285,0.15832731,0,1,0.26310876,Test
139,0.83722526,0.0029092862,0.01706609,0.14279935,0,0,0.3312727,Test
140,0.9911873,7.856787e-05,0.008678765,5.54505e-05,0,0,0.007669374,Test
141,0.7886892,0.0037421777,0.05523021,0.15233843,0,0,0.24179657,Test
142,0.8208703,0.042223852,0.13186297,0.0050428556,0,0,0.14029498,Test
143,0.051463135,0.001787144,0.16728935,0.7794603,0,3,0.30728376,Test
144,0.0915707,0.0004569007,0.07275302,0.8352194,0,3,0.15254284,Test
145,0.27350515,0.23967287,0.2783733,0.20844868,0,2,0.24502848,Test
146,0.72584665,0.007390421,0.115320876,0.15144205,0,0,0.25252768,Test
147,0.50670826,0.12788145,0.017541558,0.34786877,1,0,0.39972436,Test
148,0.85961705,0.00494613,0.05342003,0.08201681,0,0,0.23013882,Test
149,0.3879197,0.00011520373,0.030290589,0.58167446,0,3,0.42642254,Test
150,0.6629915,0.0730476,0.057616264,0.20634457,0,0,0.16190013,Test
151,0.0933465,0.007573129,0.06398182,0.83509856,0,3,0.18348907,Test
152,0.5463705,0.0020660458,0.12061282,0.33095065,0,0,0.34601986,Test
153,0.0982839,0.5796269,0.118839666,0.20324948,0,1,0.28947014,Test
154,0.2002976,0.758404,0.0068052374,0.0344932,1,1,0.2610327,Test
155,0.68495256,0.18590054,0.05687798,0.07226894,0,0,0.22506051,Test
156,0.07032345,0.41894045,0.035022594,0.4757135,0,3,0.3323877,Test
157,0.0035596564,0.9954058,0.00050049665,0.0005341784,0,1,0.0059629506,Test
158,0.2943986,0.010011904,0.68545926,0.010130215,0,2,0.19419618,Test
159,0.14755744,0.0013551202,0.16320847,0.68787897,0,3,0.29942805,Test
160,0.31014523,0.00127012,0.16412249,0.5244621,0,3,0.44472504,Test
161,0.86797696,0.023596367,0.05626455,0.05216219,0,0,0.113721676,Test
162,0.21724132,0.0140460525,0.27725136,0.49146134,0,3,0.25278196,Test
163,0.9151136,0.015014654,0.06952516,0.00034659202,0,0,0.13121322,Test
164,0.9768488,0.00012275655,0.016079511,0.006948865,0,0,0.05066721,Test
165,0.13466717,0.12253485,0.058444608,0.6843534,0,3,0.3315315,Test
166,0.35502046,0.098895386,0.410319,0.13576515,0,2,0.16402394,Test
167,0.6650346,0.20826018,0.06904379,0.057661362,0,0,0.31512636,Test
168,0.86125356,0.0042797397,0.06238367,0.07208301,0,0,0.19624037,Test
169,0.7588595,0.0026848163,0.033040218,0.20541552,0,0,0.38287777,Test
170,0.67256737,0.040257923,0.085386775,0.20178795,0,0,0.3311104,Test
171,0.24387293,0.0034169473,0.07349449,0.6792156,0,3,0.2627235,Test
172,0.25178236,0.08819919,0.29960877,0.36040968,0,3,0.29298827,Test
173,0.048693035,0.0017665429,0.032258395,0.917282,0,3,0.12109263,Test
174,0.7943078,0.0034083116,0.17737873,0.024905147,0,0,0.1254871,Test
175,0.022853244,0.3809088,0.013928155,0.5823098,0,3,0.38065806,Test
176,0.44003588,0.43435287,0.053057373,0.07255386,0,0,0.22148846,Test
177,0.6704001,0.18452747,0.026385013,0.118687406,0,0,0.31996766,Test
178,0.015917022,0.9364141,0.005640944,0.042027988,0,1,0.087896235,Test
179,0.21727774,0.10422035,0.25308985,0.4254121,1,3,0.35837576,Test
180,0.16212699,0.5010226,0.008464351,0.32838616,0,1,0.38386813,Test
181,0.613407,0.2774018,0.019530082,0.089661054,0,0,0.35882488,Test
182,0.11823654,0.5106317,0.015748028,0.35538375,0,1,0.2948386,Test
183,0.26459545,0.0041414998,0.3520545,0.37920856,0,3,0.31227177,Test
184,0.20317714,4.0143197e-05,0.12623802,0.67054474,1,3,0.40353006,Test
185,0.060527794,0.91151506,0.0008918491,0.027065322,0,1,0.10383332,Test
186,0.1604738,0.08064957,0.13183264,0.62704396,0,3,0.3061128,Test
187,0.035272095,0.0358767,0.084850006,0.8440012,0,3,0.20414609,Test
188,0.4505629,0.02333372,0.015034283,0.5110692,0,3,0.37472132,Test
189,0.06833384,0.8823072,0.035414353,0.0139447,0,1,0.1174203,Test
190,0.5971831,0.2505028,0.11964496,0.032669164,0,0,0.29827842,Test
191,0.20355001,0.46701413,0.038662847,0.29077303,0,1,0.25498816,Test
192,0.10979863,0.07970213,0.45788342,0.3526159,0,2,0.34143606,Test
193,0.3593748,0.42315117,0.17992483,0.03754925,0,1,0.329109,Test
194,0.5871563,0.15636833,0.032603193,0.22387221,0,0,0.3553661,Test
195,1.0,1.4164708e-29,2.7553576e-17,2.478498e-33,0,0,0.0,Test
196,0.01726139,0.048579387,0.0032154447,0.9309438,1,3,0.09689876,Test
197,0.7367842,0.1238509,0.036541644,0.1028232,0,0,0.34618872,Test
198,0.08845223,0.536164,0.05405581,0.32132798,0,1,0.3118149,Test
199,0.13285986,0.1557719,0.39385387,0.31751436,0,2,0.2631127,Test
200,0.071732454,0.26695627,0.033353087,0.62795824,0,3,0.3426052,Test
201,0.8054867,0.0009906779,0.015136602,0.1783861,1,0,0.41006815,Test
202,0.0001904003,0.0005765745,0.017121114,0.98211193,0,3,0.02483078,Test
203,0.64427197,0.039539225,0.15621734,0.15997145,0,0,0.2967026,Test
204,0.13749105,4.893868e-05,0.64482784,0.21763214,0,2,0.23050132,Test
205,0.951746,0.010387169,0.028060418,0.009806419,0,0,0.064728454,Test
206,0.70254886,0.012065585,0.091862194,0.19352342,0,0,0.3175465,Test
207,0.09517516,0.8036396,0.08218469,0.019000502,0,1,0.24714558,Test
208,0.19618767,0.19809806,0.21931009,0.38640422,0,3,0.28777006,Test
209,0.14205498,0.17707916,0.028725957,0.6521399,0,3,0.4049358,Test
210,0.31227908,0.012108231,0.1796479,0.49596483,0,3,0.3393388,Test
211,0.36655578,0.28182825,0.02247469,0.32914132,0,0,0.30125147,Test
212,0.5938705,0.00096052885,0.015178474,0.3899905,0,0,0.443498,Test
213,0.7748152,0.08079879,0.07291741,0.07146858,0,0,0.18733725,Test
214,0.03523966,0.19414523,0.101035014,0.66958016,0,3,0.3174694,Test
215,0.6790553,0.10358985,0.036119226,0.18123566,0,0,0.3781941,Test
216,0.31177706,0.008915921,0.037042685,0.64226437,0,3,0.42592263,Test
217,0.508736,0.3555593,0.035877213,0.09982742,0,0,0.39273933,Test
218,0.2520308,0.0015077264,0.1069438,0.63951766,0,3,0.31089675,Test
219,0.0021341264,0.01909723,0.036683865,0.9420848,0,3,0.070363835,Test
220,0.5348081,5.43547e-05,0.036011763,0.42912585,0,0,0.4572437,Test
221,0.3743785,0.0011083684,0.068642154,0.5558709,0,3,0.3699922,Test
222,0.13069251,0.005032488,0.32030815,0.5439668,0,3,0.32187086,Test
223,0.42778403,0.10601594,0.058326453,0.40787348,0,0,0.39978966,Test
224,0.12545682,0.086417094,0.056714438,0.73141164,0,3,0.27594233,Test
225,0.38283506,0.1884651,0.043159246,0.38554057,0,3,0.34163052,Test
226,0.589266,0.005740977,0.11653179,0.28846124,0,0,0.319263,Test
227,0.22445872,0.13224752,0.048025098,0.5952686,0,3,0.24827026,Test
228,0.0817748,0.0034388234,0.027484456,0.8873019,0,3,0.1196765,Test
229,0.116973616,0.004055292,0.11014365,0.7688275,1,3,0.35318896,Test
230,0.5357862,0.013700565,0.10017757,0.35033566,0,0,0.40824008,Test
231,0.38342765,0.2901004,0.18157709,0.1448949,0,0,0.2388642,Test
232,0.7446984,0.002601874,0.041777946,0.2109218,0,0,0.30570525,Test
233,0.023448564,0.75048894,0.012367464,0.21369505,0,1,0.27995273,Test
234,0.42919594,0.027847946,0.45141357,0.09154253,0,2,0.26080865,Test
235,0.6926199,0.0750409,0.18321489,0.049124338,0,0,0.18048629,Test
236,0.7295681,0.05928129,0.015040688,0.1961099,0,0,0.29282087,Test
237,0.36593866,0.32062894,0.019644039,0.29378837,1,0,0.38380545,Test
238,0.018211968,0.895985,0.008611647,0.07719134,0,1,0.090287134,Test
239,0.112779275,0.00048653362,0.09757695,0.7891572,0,3,0.2143134,Test
240,0.14433679,0.7102632,0.06656359,0.07883644,0,1,0.26688883,Test
241,0.019300178,0.025096472,0.060326505,0.89527684,0,3,0.17833975,Test
242,0.6105208,0.2196103,0.02458095,0.14528793,1,0,0.31319973,Test
243,0.07920359,0.028403541,0.06282078,0.8295721,0,3,0.15220809,Test
244,0.7580536,0.0013939769,0.083287515,0.15726492,0,0,0.2645588,Test
245,0.64212996,0.014680205,0.29518744,0.048002373,0,0,0.14926907,Test
246,0.5232183,0.034331966,0.20728818,0.23516166,0,0,0.3158982,Test
247,0.13363579,0.8575758,0.0030418558,0.00574663,0,1,0.16419145,Test
248,0.9435004,0.047998574,0.0037485021,0.0047524557,0,0,0.10607298,Test
249,0.6843487,0.0076088076,0.027555719,0.28048673,0,0,0.26313522,Test
250,0.51373583,0.008255493,0.14752145,0.33048722,0,0,0.4130369,Test
251,0.20692971,0.060642727,0.03304059,0.69938695,0,3,0.34176564,Test
252,0.10294894,0.8244604,0.015354459,0.057236187,0,1,0.16532819,Test
253,0.4367381,0.005208273,0.20500684,0.3530468,0,0,0.4033689,Test
254,0.89578354,0.005494516,0.065658405,0.03306353,0,0,0.10573894,Test
255,0.07750017,0.046497513,0.064768516,0.8112338,0,3,0.29467648,Test
256,0.012496521,0.9735757,0.013275405,0.0006523363,0,1,0.043813314,Test
257,0.5697051,0.08965894,0.1053594,0.23527649,0,0,0.3778526,Test
258,0.53469485,0.02076419,0.38546583,0.05907507,0,0,0.3502195,Test
259,0.31623796,0.5493633,0.035647325,0.098751456,1,1,0.35102496,Test
260,0.6176832,0.014973534,0.22356375,0.1437796,1,0,0.30419472,Test
261,0.11645814,0.1049598,0.09759863,0.6809834,0,3,0.28858536,Test
262,0.23436674,0.010282891,0.059099846,0.69625056,0,3,0.3380414,Test
263,0.039350357,1.9443176e-05,0.2553189,0.70531136,0,3,0.31458935,Test
264,0.40699142,0.40643734,0.12714611,0.059425075,0,0,0.31746292,Test
265,0.6791109,0.13551047,0.08914183,0.09623684,0,0,0.25521982,Test
266,0.42739686,0.04953485,0.114050746,0.4090175,0,0,0.35316142,Test
267,0.006926401,0.9930506,8.017817e-06,1.5045986e-05,0,1,0.011461437,Test
268,0.62228376,8.6151726e-05,0.34995222,0.02767786,0,0,0.3257812,Test
269,0.23523602,0.025607605,0.23992138,0.499235,0,3,0.32766163,Test
270,0.53663933,0.045256652,0.32993916,0.088164926,0,0,0.2861326,Test
271,0.7478464,0.10479574,0.00035958557,0.14699832,0,0,0.4056372,Test
272,0.8850174,0.11131902,0.0013661138,0.0022975116,0,0,0.21568789,Test
273,0.045534022,0.7570105,0.103948906,0.09350659,0,1,0.23549908,Test
274,0.8693805,0.061428465,0.0575898,0.011601279,0,0,0.12858425,Test
275,0.059720017,0.13269271,0.21928592,0.58830136,0,3,0.34757906,Test
276,0.9931798,8.016532e-05,0.00482068,0.0019192708,0,0,0.008345145,Test
277,0.7224154,0.039357923,0.07449486,0.16373184,0,0,0.27229685,Test
278,0.30698135,0.04862574,0.10589187,0.5385011,1,3,0.3109952,Test
279,0.0061654667,0.020578068,0.0041272957,0.9691292,0,3,0.057965077,Test
280,0.29390487,0.6398522,0.041963123,0.024279717,0,1,0.32778308,Test
281,0.116452575,0.8388758,0.003369506,0.04130213,0,1,0.23078404,Test
282,0.61501193,0.1691601,0.035405308,0.18042263,0,0,0.24860047,Test
283,0.937469,0.0011676007,0.022941595,0.03842183,0,0,0.05740233,Test
284,0.018226922,0.9728842,0.0032907638,0.0055981404,0,1,0.041788988,Test
285,0.238409,0.13789484,0.25133198,0.37236422,0,3,0.24879692,Test
286,0.9816524,0.0019317425,0.01631125,0.000104665916,0,0,0.024141686,Test
287,0.6534101,0.12826411,0.09397003,0.12435581,0,0,0.3027739,Test
288,0.17318198,0.09098898,0.15937237,0.57645667,0,3,0.2716639,Test
289,0.52245474,0.24567361,0.13002329,0.10184835,0,0,0.3220129,Test
290,0.5627879,0.01249901,0.0075812987,0.41713175,0,0,0.44319543,Test
291,0.9640261,0.0017032174,0.006756154,0.027514582,1,0,0.10130777,Test
292,0.5921516,0.0019855646,0.020340882,0.38552195,0,0,0.40011105,Test
293,0.9852217,0.005565932,0.0031201849,0.006092186,0,0,0.03874602,Test
294,0.3598716,0.0021159833,0.042201493,0.59581095,1,3,0.36808574,Test
295,0.22444376,0.46122617,0.013964358,0.30036575,0,1,0.36109528,Test
296,0.06259625,0.13280293,0.040290333,0.7643105,0,3,0.27912578,Test
297,0.7952525,0.004113245,0.10744262,0.09319162,0,0,0.26895174,Test
298,0.67402524,0.20363379,0.004470825,0.11787015,0,0,0.41601261,Test
299,0.10262666,0.003627314,0.0056156595,0.88813037,1,3,0.30243647,Test
300,0.13460584,0.6580612,0.02153122,0.18580174,0,1,0.38758963,Test
301,0.049319595,0.0105936285,0.029608417,0.9104784,0,3,0.10159666,Test
302,1.0,3.5114368e-19,1.2956634e-12,2.246017e-13,0,0,0.0,Test
303,0.47217292,0.020739164,0.12664846,0.38043946,0,0,0.39500973,Test
304,0.16271937,0.51515794,0.24541993,0.076702714,0,1,0.32260206,Test
305,0.5123483,0.06316371,0.1886996,0.23578838,0,0,0.33590946,Test
306,0.16357674,0.21534488,0.0061741793,0.61490417,0,3,0.4231245,Test
307,0.8328086,0.0051053604,0.055063464,0.10702263,0,0,0.20088628,Test
308,0.90330535,0.0006520321,0.0066999756,0.08934261,0,0,0.29067048,Test
309,1.4136709e-06,0.00029861313,0.006144914,0.99355507,0,3,0.012867457,Test
310,0.09216066,0.12459803,0.050054185,0.73318714,0,3,0.24368542,Test
311,0.35627043,0.051900376,0.2620421,0.32978708,0,0,0.3641744,Test
312,0.280767,0.0063011483,0.118733324,0.5941986,0,3,0.3922228,Test
313,0.546726,0.0064545684,0.19455674,0.25226265,0,0,0.39892778,Test
314,0.42993984,0.1875482,0.1471998,0.23531213,0,0,0.26378006,Test
315,0.042134106,0.09230892,0.39461854,0.4709385,0,3,0.25038514,Test
316,0.92441434,0.0042391475,0.05339248,0.01795399,0,0,0.100578606,Test
317,0.04057563,0.81134367,0.0113802245,0.13670048,0,1,0.25746027,Test
318,0.7487298,0.013618069,0.14154461,0.096107565,0,0,0.31462118,Test
319,0.15125842,0.0008645747,0.015323144,0.83255386,0,3,0.30074885,Test
320,0.09239917,0.011277588,0.012205197,0.8841181,0,3,0.14247309,Test
321,0.9438906,0.0012911472,0.0016728208,0.053145476,0,0,0.1363841,Test
322,0.98772347,0.001756408,0.008175735,0.0023444006,0,0,0.022025328,Test
323,0.56096715,0.0343593,0.095526606,0.30914697,0,0,0.33731914,Test
324,0.6839777,0.005938196,0.11726998,0.19281407,0,0,0.27664647,Test
325,0.5025142,0.108752094,0.0041816398,0.38455212,0,0,0.43190193,Test
326,0.0011624085,9.399815e-05,0.018416332,0.98032725,0,3,0.029309036,Test
327,0.5458539,0.2953975,0.062489748,0.096258864,0,0,0.3952013,Test
328,0.19559708,0.69052064,0.001788429,0.1120939,0,1,0.29380533,Test
329,0.35055685,0.38655967,0.028601225,0.23428226,0,1,0.3003053,Test
330,0.5075139,0.18862456,0.10132711,0.2025344,0,0,0.33754003,Test
331,0.0034649428,0.9614662,0.010082819,0.024986137,0,1,0.032074984,Test
332,0.052241497,0.06549825,0.070804425,0.8114557,0,3,0.23784521,Test
333,0.8834556,0.040017106,0.048002236,0.028525125,0,0,0.15500548,Test
334,0.090991884,0.34450024,0.52083063,0.043677278,0,2,0.3722494,Test
335,0.28194362,0.32279927,0.05992756,0.3353295,1,3,0.22731277,Test
336,0.4003036,0.0018360547,0.08100665,0.5168537,0,3,0.3351117,Test
337,0.8949787,0.0023940604,0.08819325,0.014433945,0,0,0.17035954,Test
338,0.49833488,0.21497826,0.16034243,0.12634444,0,0,0.2679179,Test
339,0.008251641,0.3891334,0.06026314,0.54235184,0,3,0.3097552,Test
340,0.19503258,0.6610792,0.029798623,0.114089474,0,1,0.24511202,Test
341,0.0016455135,0.9959078,0.00043868282,0.0020080484,0,1,0.003707815,Test
342,0.043165613,0.5426462,0.043419708,0.37076846,0,1,0.35614175,Test
343,0.23045066,0.08296053,0.029754266,0.6568345,0,3,0.35359585,Test
344,0.6811801,0.03326863,0.042918153,0.24263313,0,0,0.26874027,Test
345,0.14657974,0.017209327,0.60458195,0.23162894,0,2,0.23698924,Test
346,0.9364425,0.030337578,0.01506895,0.018151043,0,0,0.16947924,Test
347,0.84892523,0.043597244,0.043473728,0.06400384,0,0,0.23727867,Test
348,0.067579485,0.1846299,0.09331609,0.65447444,0,3,0.25957587,Test
349,0.024949057,0.70973873,0.003157712,0.26215452,0,1,0.34401843,Test
350,0.9405624,0.0065486664,0.016040515,0.03684836,0,0,0.053503305,Test
351,0.14054395,0.7382308,0.015887316,0.10533786,0,1,0.20402083,Test
352,0.5431808,0.0546499,0.094142504,0.3080268,0,0,0.36146227,Test
353,0.015764479,0.00065906224,0.061335437,0.9222411,0,3,0.07210997,Test
354,0.2357821,0.05199475,0.54469085,0.16753231,0,2,0.22228,Test
355,0.97621995,0.014383899,0.008331593,0.0010645594,0,0,0.05345788,Test
356,0.6174472,0.110942684,0.12573364,0.14587647,1,0,0.31051573,Test
357,0.55618006,0.0013808672,0.09561731,0.34682176,0,0,0.41731435,Test
358,0.3540439,0.014798289,0.41473547,0.21642236,0,2,0.22625911,Test
359,0.76713926,0.15516248,0.034314867,0.04338346,0,0,0.24188438,Test
360,0.50099003,0.0052518174,0.15932235,0.33443582,0,0,0.43419686,Test
361,0.47429365,0.0075518056,0.4739964,0.04415809,0,0,0.22284476,Test
362,0.62773955,0.16487256,0.07915895,0.12822904,1,0,0.34491333,Test
363,0.20779562,0.029650873,0.14722739,0.6153262,1,3,0.364044,Test
364,0.28252774,0.0017735508,0.2556849,0.46001378,0,3,0.3668184,Test
365,0.80853575,0.18827362,0.0025653879,0.0006252114,0,0,0.36520857,Test
366,0.44450846,0.2107348,0.31674474,0.0280121,0,0,0.24802728,Test
367,0.33012423,0.01692998,0.022406619,0.63053924,0,3,0.36130908,Test
368,0.9470731,0.0048173084,0.041624762,0.006484813,0,0,0.053611472,Test
369,0.31158385,0.0055522155,0.52712095,0.15574294,0,2,0.24860394,Test
370,0.0683056,0.004195959,0.07012623,0.8573723,0,3,0.20907523,Test
371,0.025523672,0.0015331565,0.11376496,0.8591782,0,3,0.18058695,Test
372,0.093858816,0.15535651,0.017194435,0.7335902,0,3,0.35634556,Test
373,0.8119054,0.023037614,0.055247195,0.109809734,0,0,0.25059566,Test
374,0.0018924112,0.00044287537,0.051550526,0.94611406,0,3,0.14782797,Test
375,0.16346647,0.5576814,0.016321372,0.2625308,0,1,0.37790146,Test
376,0.32073113,0.26088062,0.19015752,0.22823071,0,0,0.33092654,Test
377,0.05564487,0.00060765597,0.13826737,0.8054801,0,3,0.22058555,Test
378,0.5582191,0.0005078366,0.04607175,0.39520136,0,0,0.34915432,Test
379,0.07646934,0.80833656,0.06634121,0.048852857,0,1,0.27809834,Test
380,0.009575221,0.00014993233,0.010248725,0.98002607,0,3,0.0467517,Test
381,0.11359821,0.4964816,0.04650616,0.343414,0,1,0.33883646,Test
382,0.6846975,0.03261124,0.055164464,0.22752681,0,0,0.33583003,Test
383,0.81179225,0.01349242,0.09995295,0.07476236,0,0,0.20219937,Test
384,0.2618832,0.50027066,0.03565669,0.20218948,0,1,0.3469808,Test
385,0.48881197,0.061258458,0.08965663,0.36027294,0,0,0.34590128,Test
386,0.027295772,0.5204271,0.0031098912,0.4491672,0,1,0.4367763,Test
387,0.6006042,0.035377584,0.022403657,0.34161454,0,0,0.37503827,Test
388,0.7889535,0.029950133,0.06316021,0.117936134,0,0,0.24014299,Test
389,0.011645602,0.0046488503,0.0106204,0.9730851,0,3,0.028561348,Test
390,0.19065434,0.12860551,0.0153775215,0.66536266,0,3,0.266025,Test
391,0.056028195,0.59058297,0.20356889,0.1498199,0,1,0.40493396,Test
392,0.18684418,0.0044679116,0.16542633,0.64326155,0,3,0.36395824,Test
393,0.12286665,0.6970088,0.017837768,0.16228673,0,1,0.22556022,Test
394,0.04343506,0.7576829,0.050335526,0.1485465,0,1,0.19390659,Test
395,0.7449864,0.004864142,0.059191328,0.19095817,0,0,0.32995704,Test
396,0.37902555,0.00068935135,0.009424704,0.61086047,1,3,0.3768389,Test
397,0.56302947,0.0010602659,0.14153,0.29438025,0,0,0.42827246,Test
398,0.77740693,0.05309087,0.028873662,0.14062855,0,0,0.22824669,Test
399,0.0010860314,0.010957962,0.0253915,0.96256447,1,3,0.056698274,Test
400,0.16584715,0.7883471,0.004615548,0.041190248,0,1,0.3107959,Test
401,0.17988876,0.7063853,0.00095557235,0.112770356,0,1,0.3843724,Test
402,0.4625555,0.005149144,0.11650704,0.41578835,0,0,0.36787805,Test
403,0.94991255,0.000478303,0.048298545,0.001310665,0,0,0.068147436,Test
404,0.1947057,0.17638846,0.33248025,0.2964256,0,2,0.2263928,Test
405,0.26412722,0.031710625,0.08025549,0.62390673,0,3,0.32788417,Test
406,0.999976,9.502608e-07,9.040998e-06,1.3980958e-05,0,0,7.56607e-05,Test
407,0.17207272,0.29775545,0.02334128,0.5068306,0,3,0.40783924,Test
408,0.43129778,0.0029982706,0.261516,0.30418795,0,0,0.4015804,Test
409,0.453272,0.049340695,0.09993803,0.3974492,0,0,0.4106131,Test
410,0.3601777,0.003595909,0.13809784,0.4981286,0,3,0.30772337,Test
411,0.001530913,0.79320467,0.0013893716,0.20387504,0,1,0.3488242,Test
412,0.6292099,0.006179275,0.06936549,0.29524538,0,0,0.37207693,Test
413,0.034788273,0.013844667,0.015694272,0.93567276,0,3,0.08852494,Test
414,0.97749436,0.012633318,0.006982875,0.0028894767,0,0,0.033806924,Test
415,0.5027999,0.41312456,0.03133515,0.052740358,0,0,0.31600982,Test
416,0.04170792,0.007315839,0.008704553,0.9422716,0,3,0.15734541,Test
417,0.90560085,0.0023893134,0.049326878,0.042682968,0,0,0.14825647,Test
418,0.00866384,0.0053607635,0.05925836,0.926717,0,3,0.17266424,Test
419,0.73467743,0.036077652,0.04982738,0.17941754,1,0,0.3095358,Test
420,0.91220605,0.0038111235,0.05566894,0.028313827,0,0,0.15975367,Test
421,0.092046976,0.0053809686,0.04909453,0.8534776,0,3,0.17161663,Test
422,0.21705759,0.044970274,0.14445403,0.59351814,0,3,0.29723796,Test
423,0.70012534,0.011247611,0.009559862,0.27906716,0,0,0.32387346,Test
424,0.53118765,0.0021430836,0.31011763,0.15655163,0,0,0.2641652,Test
425,0.018789604,0.11876504,0.019716833,0.8427285,1,3,0.2406803,Test
426,0.8743862,0.0029470914,0.01857239,0.10409435,0,0,0.2004674,Test
427,0.18829055,0.00026301362,0.043594174,0.76785225,0,3,0.3232368,Test
428,0.879037,0.04953649,0.004086307,0.067340255,0,0,0.28535387,Test
429,0.908583,0.044554137,0.0065396815,0.04032327,0,0,0.113809064,Test
430,0.92366475,0.033050757,0.014799878,0.028484648,0,0,0.12280849,Test
431,0.010291005,0.0025587336,0.0062956326,0.98085463,0,3,0.039900113,Test
432,0.21494782,3.342142e-05,0.06744362,0.7175752,1,3,0.36320466,Test
433,0.10400611,0.0022074296,0.074251965,0.8195345,0,3,0.23440681,Test
434,0.5867635,0.20262969,0.0066628056,0.20394413,0,0,0.32376462,Test
435,0.9797267,0.000107137625,0.0003681507,0.01979799,0,0,0.06287562,Test
436,0.77357906,0.010644334,0.018182537,0.19759408,0,0,0.32687175,Test
437,0.6162883,0.24019945,0.097882345,0.04562995,0,0,0.22880425,Test
438,0.24329874,0.019717613,0.16286598,0.57411766,0,3,0.35198525,Test
439,0.68307155,0.20542984,0.057509385,0.05398927,0,0,0.32361338,Test
440,0.35119992,0.56828624,0.0026161422,0.0778977,0,1,0.2578202,Test
441,0.09790782,0.6697091,0.006245549,0.22613744,0,1,0.38272357,Test
442,0.6729583,0.13499261,0.03556001,0.15648898,0,0,0.33494908,Test
443,0.61693853,0.0037679232,0.09322785,0.28606564,0,0,0.3987331,Test
444,0.7669018,0.0011270123,0.10165183,0.13031939,1,0,0.34214947,Test
445,0.06250847,0.32849416,0.0061261775,0.6028711,0,3,0.39395905,Test
446,0.842021,0.0007878107,0.07403282,0.083158374,0,0,0.2599351,Test
447,0.30643734,0.05515064,0.020947944,0.61746407,0,3,0.37998408,Test
448,0.19675772,0.6055834,0.08404724,0.113611594,0,1,0.32946903,Test
449,0.81606895,0.092743054,0.0194198,0.07176814,0,0,0.25324476,Test
450,0.7195996,0.014134827,0.016949836,0.24931583,0,0,0.3771644,Test
451,0.58157235,0.0057540447,0.10211799,0.31055564,0,0,0.43610245,Test
452,0.35715824,0.3050447,0.26676375,0.07103325,0,0,0.21490602,Test
453,0.4448432,0.021764774,0.021365514,0.5120265,0,3,0.31687883,Test
454,0.9274723,0.0010570341,0.0117747355,0.059695907,0,0,0.13389409,Test
455,0.12509435,0.65042216,0.01070897,0.21377441,1,1,0.16035138,Test
456,0.051389296,0.022802364,0.005393897,0.92041445,0,3,0.11708639,Test
457,0.8530501,0.003412516,0.06776959,0.0757678,0,0,0.28767934,Test
458,0.17088628,0.09376823,0.0968522,0.6384933,0,3,0.29094476,Test
459,0.11890701,0.25311506,0.023948906,0.604029,0,3,0.34471753,Test
460,0.4826525,0.017296527,0.024892097,0.47515893,0,0,0.42396742,Test
461,0.23148176,0.0016846029,0.040222835,0.72661084,0,3,0.34002528,Test
462,0.73129714,0.040421546,0.018207515,0.21007386,0,0,0.33576208,Test
463,0.13995455,0.16437145,0.074482225,0.62119186,1,3,0.39397588,Test
464,0.12027631,0.11432483,0.11392931,0.6514696,0,3,0.28535298,Test
465,0.9994823,7.3734274e-10,0.000483204,3.4568242e-05,0,0,0.001637344,Test
466,0.12332052,0.004830417,0.11763506,0.75421405,0,3,0.2644113,Test
467,0.09386195,0.13400412,0.03528851,0.7368454,0,3,0.35516608,Test
468,0.094988815,0.4541777,0.020239977,0.43059355,0,1,0.27998957,Test
469,0.04006355,8.6018554e-05,0.31788832,0.6419622,0,3,0.36333644,Test
470,0.1532665,0.07997452,0.01934923,0.74740976,0,3,0.38523945,Test
471,0.98910266,0.00409476,0.0051865266,0.0016161089,0,0,0.019973563,Test
472,8.498707e-05,0.0024175528,0.06151898,0.9359786,0,3,0.18671818,Test
473,0.22204633,0.51056516,0.00941976,0.25796875,0,1,0.40167218,Test
474,0.1951188,0.10737977,0.115471646,0.58202976,0,3,0.33143556,Test
475,0.04886179,0.00037192277,0.0933755,0.85739076,0,3,0.18994801,Test
476,0.18305585,0.24123481,0.20610046,0.36960885,0,3,0.17199832,Test
477,0.46908998,0.028054014,0.062072147,0.44078383,0,0,0.33851844,Test
478,0.013824274,0.00059758394,0.30277914,0.6827991,0,3,0.26053897,Test
479,0.041732956,0.32772738,0.00837649,0.6221632,0,3,0.347498,Test
480,0.7413155,0.0002706815,0.03265179,0.22576205,0,0,0.33499292,Test
481,0.76732713,0.0008204841,0.020137241,0.21171507,0,0,0.4064733,Test
482,0.683853,0.008924082,0.13913843,0.16808453,0,0,0.2706539,Test
483,0.9454769,0.00011129151,0.010619435,0.043792374,0,0,0.1390296,Test
484,0.31974298,0.017707637,0.18860105,0.47394833,0,3,0.2546225,Test
485,0.2977341,0.026585752,0.14760092,0.5280792,1,3,0.34994614,Test
486,0.1946578,0.21289115,0.103123605,0.48932743,0,3,0.3574237,Test
487,0.21142116,0.025783043,0.019241476,0.7435543,0,3,0.38560054,Test
488,0.14791524,0.83690655,0.0071016313,0.008076655,0,1,0.2649096,Test
489,0.23659854,0.45825344,0.053717256,0.2514308,0,1,0.34196368,Test
490,0.971437,0.016463742,0.001521791,0.010577516,0,0,0.07540944,Test
491,0.5975972,0.0075359354,0.04331965,0.3515472,0,0,0.29218417,Test
492,0.6894087,0.09900652,0.038391475,0.17319329,0,0,0.16974269,Test
493,0.86610925,0.003096188,0.033912566,0.09688196,1,0,0.2617136,Test
494,0.7646533,0.00011533937,0.13363852,0.10159285,0,0,0.29192314,Test
495,0.6543594,0.006449615,0.019894646,0.3192964,0,0,0.34780037,Test
496,0.13028264,0.00074211066,0.0081015695,0.8608737,0,3,0.1948585,Test
497,0.9945736,0.00015436365,0.0048547504,0.0004172789,0,0,0.0061359266,Test
498,0.010010226,1.5710873e-05,0.016566299,0.97340775,0,3,0.04556283,Test
499,0.02227291,0.0003114704,0.09655564,0.88086003,0,3,0.18610804,Test
500,0.53573716,0.060608804,0.1372811,0.2663729,0,0,0.3183719,Test
501,0.44933334,0.14953668,0.10105451,0.30007547,0,0,0.2935532,Test
502,0.029057348,0.00065446,0.051101796,0.9191864,1,3,0.082163766,Test
503,0.78305423,0.024388297,0.094443336,0.09811418,0,0,0.1845696,Test
504,0.39016485,0.52162635,0.013738327,0.07447053,0,1,0.4135991,Test
505,0.051037498,0.0844228,0.022514438,0.8420253,0,3,0.28020093,Test
506,0.14964697,0.17361835,0.1959751,0.48075962,0,3,0.3212072,Test
507,0.8671055,0.0075202496,0.029987806,0.09538638,0,0,0.21419081,Test
508,0.5734336,0.10278498,0.08739409,0.23638733,1,0,0.3327471,Test
509,0.12588456,0.8082557,0.019341044,0.046518777,0,1,0.15448782,Test
510,0.48708743,0.23839577,0.13185598,0.14266074,0,0,0.25654373,Test
511,0.7042553,0.12514345,0.06816464,0.1024366,0,0,0.2740926,Test
512,0.0010072092,3.5495952e-05,0.031926755,0.96703064,0,3,0.057209373,Test
513,0.09515085,0.0023839162,0.29141966,0.61104554,0,3,0.4136566,Test
514,0.98806894,0.0016561862,0.007009988,0.0032649343,0,0,0.02879643,Test
515,0.69141835,0.09468297,0.008091254,0.20580742,0,0,0.3334292,Test
516,0.81804097,0.017226279,0.054658435,0.11007434,0,0,0.13321683,Test
517,0.14928323,0.035983786,0.077999525,0.73673344,0,3,0.26737466,Test
518,0.42618075,0.06742382,0.17590892,0.33048648,0,0,0.33711377,Test
519,0.45030704,0.009155529,0.097868666,0.44266877,0,0,0.2857124,Test
520,0.67029303,0.12953493,0.041654214,0.15851781,0,0,0.37063223,Test
521,0.0002062035,4.3927525e-07,0.039141595,0.9606517,0,3,0.11780562,Test
522,0.90002424,0.08432336,0.00010776867,0.0155445915,0,0,0.3161498,Test
523,0.0032117602,0.00028097484,0.023956295,0.972551,0,3,0.04094334,Test
524,0.044155985,0.44953674,0.01395801,0.49234933,0,3,0.28836164,Test
525,0.16571152,0.43783188,0.026947245,0.36950937,0,1,0.30485377,Test
526,0.5009767,0.0019178424,0.01726396,0.47984153,0,0,0.51377165,Test
527,0.4718973,0.04807322,0.031109026,0.4489205,0,0,0.37473547,Test
528,0.0884717,0.7850884,0.0010651515,0.12537462,0,1,0.15398695,Test
529,0.7216884,0.0015752946,0.08485113,0.19188516,0,0,0.2628103,Test
530,0.8522073,0.0017529788,0.049827427,0.09621233,0,0,0.28940013,Test
531,0.75260615,0.21092184,0.024602171,0.011869859,0,0,0.30645767,Test
532,0.42592722,0.12592438,0.30650735,0.14164105,0,0,0.2933624,Test
533,0.4105422,0.14842623,0.13447542,0.30655614,0,0,0.364959,Test
534,0.13724127,0.023907727,0.043077156,0.79577386,0,3,0.33381078,Test
535,0.4239452,0.042697284,0.04376854,0.48958904,0,3,0.31890935,Test
536,0.7932591,0.066663474,0.016028553,0.124048874,0,0,0.26240966,Test
537,0.14976227,0.0044999467,0.0441717,0.8015661,0,3,0.25898632,Test
538,0.12095956,0.0007091609,0.31779638,0.56053495,0,3,0.3573063,Test
539,0.84774923,0.08313971,0.0034562356,0.06565489,0,0,0.22288708,Test
540,0.0022003665,0.68673813,0.07066746,0.240394,0,1,0.40315163,Test
541,0.022687176,0.32438865,0.08507396,0.56785023,0,3,0.4221686,Test
542,0.14881967,0.0055516255,0.12327455,0.72235423,1,3,0.33527958,Test
543,0.14228736,0.60563177,0.0110107865,0.24107003,0,1,0.34970132,Test
544,0.004675,0.0001890988,0.208183,0.78695285,0,3,0.38434413,Test
545,0.39794555,0.54854196,0.0070607862,0.04645171,0,1,0.34930703,Test
546,0.11257871,0.4727347,0.13458352,0.28010312,0,1,0.33396408,Test
547,0.8764389,0.043681525,0.04759338,0.032286238,0,0,0.17511755,Test
548,0.91113794,0.00058936223,0.05362168,0.034650985,0,0,0.1793866,Test
549,0.36559877,0.034530822,0.19185236,0.40801805,0,3,0.40073857,Test
550,0.3722412,0.28584594,0.04508795,0.2968249,0,0,0.36775383,Test
551,0.21835168,0.025895458,0.0052388203,0.750514,0,3,0.40683985,Test
552,0.13082783,0.48226818,0.011642418,0.3752616,0,1,0.3424567,Test
553,0.75762856,0.051828317,0.012852967,0.17769012,0,0,0.36773646,Test
554,0.3525561,0.60500443,0.016761702,0.025677824,0,1,0.3038668,Test
555,0.56218946,0.18825959,0.04925254,0.20029835,0,0,0.40285367,Test
556,0.48790956,0.012786361,0.13723812,0.362066,0,0,0.40591788,Test
557,0.23025736,0.0012242019,0.052573293,0.7159451,0,3,0.32416582,Test
558,0.14038569,0.30005735,0.07949497,0.480062,0,3,0.2874977,Test
559,0.22700652,0.0044234986,0.23960857,0.5289614,0,3,0.34601915,Test
560,0.272726,0.14165139,0.06960698,0.5160156,0,3,0.34678212,Test
561,0.05186847,0.0006548823,0.07081964,0.876657,0,3,0.21050595,Test
562,0.02801548,0.9378458,0.00474002,0.029398743,0,1,0.095048875,Test
563,0.00105789,1.01731075e-05,0.005028897,0.99390304,0,3,0.0058440184,Test
564,0.5871412,0.10031386,0.105901465,0.20664349,0,0,0.29796228,Test
565,0.055300813,0.1274205,0.011835838,0.8054428,1,3,0.29644072,Test
566,0.5980416,0.009791976,0.045394115,0.34677237,1,0,0.38814828,Test
567,0.4192768,0.006738367,0.25759426,0.3163905,0,0,0.35706246,Test
568,0.21754877,0.03199687,0.11092553,0.6395289,0,3,0.35833338,Test
569,0.8683151,7.2042617e-06,0.006186819,0.12549078,1,0,0.3162912,Test
570,0.39344552,0.00071231986,0.2282058,0.3776363,0,0,0.4171129,Test
571,0.17070735,0.6240846,0.059663784,0.14554437,0,1,0.26532203,Test
572,0.056557715,0.8533586,0.015598198,0.07448541,0,1,0.27557203,Test
573,0.96945125,0.002650465,0.023512801,0.0043855184,0,0,0.060337197,Test
574,0.9534644,0.008242188,0.029382516,0.00891086,0,0,0.061692074,Test
575,0.2676811,0.03433351,0.15578029,0.54220515,0,3,0.35026383,Test
576,0.705226,0.073548175,0.10588018,0.115345694,0,0,0.15804735,Test
577,0.14837229,0.20656148,0.11080748,0.5342587,0,3,0.36376312,Test
578,0.41218263,0.30574676,0.035722267,0.24634843,0,0,0.39888066,Test
579,0.5871299,0.32239205,0.031650934,0.058827113,0,0,0.3717572,Test
580,0.095647104,0.41646856,0.016496208,0.4713881,0,3,0.30094925,Test
581,0.7970352,0.0006388688,0.054283865,0.14804208,0,0,0.32590103,Test
582,0.5626556,0.23294488,0.08942555,0.11497395,0,0,0.32107255,Test
583,0.6857269,0.07160039,0.055245083,0.18742767,0,0,0.350307,Test
584,0.81631994,0.047214787,0.053899385,0.08256589,0,0,0.23895957,Test
585,0.3164652,0.011157307,0.2630183,0.40935916,0,3,0.40041408,Test
586,0.6461585,0.00647048,0.32382396,0.023547044,0,0,0.26081884,Test
587,0.7306509,0.03565007,0.014962095,0.21873696,0,0,0.303721,Test
588,0.024631001,0.0018405055,0.05071842,0.9228101,0,3,0.12510343,Test
589,0.32246608,0.0003607247,0.33638358,0.34078965,0,3,0.36029902,Test
590,0.14955345,0.3589002,0.21399048,0.27755588,0,1,0.33312362,Test
591,0.8092438,0.0005775775,0.03487613,0.15530255,0,0,0.33935246,Test
592,0.6352414,0.089275844,0.09773376,0.17774896,0,0,0.26393038,Test
593,0.17044768,0.15547985,0.24542876,0.4286437,0,3,0.30396217,Test
594,0.14080717,0.7820173,0.04772821,0.029447367,0,1,0.20547323,Test
595,0.41197294,0.25905967,0.035472237,0.2934952,0,0,0.32934958,Test
596,0.9865079,0.005830744,0.0035042912,0.0041570617,0,0,0.030337753,Test
597,0.18280268,0.0185355,0.031172905,0.76748884,0,3,0.251765,Test
598,0.3033811,0.034249958,0.4509921,0.21137686,0,2,0.29640532,Test
599,0.09750147,0.32197577,0.38252288,0.19799982,0,2,0.33284268,Test
600,0.13933063,0.57333314,0.22494654,0.062389612,0,1,0.211163,Test
601,0.73608226,0.0009002935,0.057164155,0.20585327,0,0,0.30381107,Test
602,0.062951475,0.22135599,0.035850335,0.6798421,0,3,0.31532452,Test
603,0.014282681,0.98462456,0.0007175182,0.0003752738,0,1,0.047128364,Test
604,0.017723443,0.00070691365,0.16378827,0.81778145,0,3,0.2864315,Test
605,0.18497041,0.10757146,0.080831744,0.62662643,1,3,0.235271,Test
606,0.01038756,7.308549e-05,0.053039886,0.9364995,1,3,0.0724242,Test
607,0.21428724,0.053701878,0.01869339,0.7133175,0,3,0.37602594,Test
608,0.04716289,0.23264675,0.011297962,0.70889246,0,3,0.32264844,Test
609,0.3695759,0.0009719598,0.1419663,0.48748583,0,3,0.4221906,Test
610,0.36311942,0.002771969,0.115112975,0.5189956,0,3,0.382988,Test
611,0.12662652,0.008788485,0.23676553,0.62781954,0,3,0.35085076,Test
612,0.73431665,0.008804696,0.064116895,0.19276172,0,0,0.35711348,Test
613,0.63926667,0.0046070577,0.0048815776,0.3512447,1,0,0.4282646,Test
614,0.9670261,0.0003165428,0.012747144,0.019910099,0,0,0.034056,Test
615,0.81413543,0.0046772785,0.13069732,0.050489932,0,0,0.17769589,Test
616,0.10514436,0.4237894,0.09151936,0.37954685,0,1,0.36322123,Test
617,0.77795756,0.08635338,0.020091923,0.115597084,1,0,0.19914594,Test
618,0.69902176,0.0105950665,0.16731802,0.1230651,0,0,0.28266865,Test
619,0.038499873,0.9453559,0.008995017,0.0071491725,0,1,0.06959737,Test
620,0.91910905,0.06904946,0.003818553,0.008022959,0,0,0.20133662,Test
621,0.11028652,0.012489838,0.25270855,0.6245151,0,3,0.28573868,Test
622,0.08570934,0.0017385501,0.708225,0.20432703,0,2,0.2566227,Test
623,0.36510053,0.0021931871,0.02041435,0.61229193,1,3,0.40990758,Test
624,0.4877348,0.06526159,0.28597564,0.16102803,0,0,0.22875147,Test
625,0.23832516,0.55611646,0.021725139,0.18383314,0,1,0.38151905,Test
626,0.19829385,0.405516,0.0355323,0.36065787,0,1,0.33233738,Test
627,0.6307461,0.082744345,0.019381903,0.2671276,0,0,0.34955364,Test
628,0.9781351,0.0016956261,0.00412994,0.01603928,1,0,0.06031256,Test
629,0.3021635,0.0019605113,0.05781687,0.6380592,1,3,0.31212777,Test
630,0.3580313,0.0011775929,0.3456049,0.29518625,1,0,0.38218877,Test
631,0.12394657,0.67429525,0.020377144,0.18138108,0,1,0.24208939,Test
632,0.30070513,0.09002037,0.45175785,0.15751669,0,2,0.24178925,Test
633,0.35741252,0.013714487,0.079850554,0.5490224,0,3,0.44989264,Test
634,0.051466644,0.28031608,0.4366722,0.23154497,0,2,0.2801434,Test
635,0.35667628,0.012026811,0.13793121,0.4933657,0,3,0.37831667,Test
636,0.70861614,0.19133458,0.011170609,0.08887861,0,0,0.26348555,Test
637,0.026142467,0.0012887067,0.031245247,0.94132364,0,3,0.0888259,Test
638,0.38652715,0.0016035077,0.2570736,0.35479566,0,0,0.289946,Test
639,0.097712174,0.31283545,0.5454618,0.043990582,0,2,0.33776838,Test
640,0.48847717,0.018331999,0.12308897,0.37010184,0,0,0.35849538,Test
641,0.47634268,0.1409247,0.12980266,0.2529299,0,0,0.31190485,Test
642,0.23017764,0.33159313,0.0402328,0.3979964,0,3,0.3737089,Test
643,0.09519243,0.8131205,0.03269968,0.0589874,0,1,0.10817102,Test
644,0.44275346,0.0055974927,0.17649537,0.37515375,0,0,0.3518571,Test
645,0.7280871,0.09440349,0.12797768,0.049531687,0,0,0.27017564,Test
646,0.08316876,0.36797214,0.10335107,0.445508,0,3,0.29541886,Test
647,0.0033005592,0.81723225,0.0012177903,0.17824937,0,1,0.28480473,Test
648,0.7242427,0.0024355822,0.03933248,0.23398927,0,0,0.33340716,Test
649,0.3811078,0.020363446,0.18656346,0.4119653,1,3,0.3896374,Test
650,0.024853136,0.06175666,0.024479674,0.8889105,0,3,0.13067085,Test
651,0.556529,0.0072580986,0.428161,0.008051939,0,0,0.19073711,Test
652,0.33276844,0.03401463,0.15135987,0.48185712,0,3,0.3114103,Test
653,0.13419144,0.009221995,0.15770921,0.6988774,1,3,0.37235183,Test
654,0.50509393,0.017586421,0.25546578,0.22185378,0,0,0.30067843,Test
655,0.12443514,0.42120236,0.029123927,0.42523855,0,3,0.35305756,Test
656,0.018182963,0.38847917,0.017782815,0.575555,0,3,0.34629226,Test
657,0.6041249,0.05050562,0.023251157,0.3221183,0,0,0.32732648,Test
658,0.29559055,0.1944978,0.09879974,0.411112,0,3,0.33232516,Test
659,0.087233804,0.36563814,0.07883635,0.46829176,0,3,0.27558947,Test
660,0.16833588,0.00081182027,0.014059235,0.8167931,0,3,0.33497453,Test
661,0.3092882,0.0016394358,0.24555723,0.44351512,0,3,0.34921113,Test
662,0.35091132,0.37459844,0.042352825,0.23213735,0,1,0.25245357,Test
663,0.51671404,0.035163786,0.43327132,0.014850897,0,0,0.24520783,Test
664,0.22259375,0.002019035,0.063841075,0.7115461,0,3,0.35119805,Test
665,0.36342022,0.00025328828,0.19721714,0.43910933,1,3,0.4114253,Test
666,0.3751756,0.0019513965,0.25593397,0.366939,0,0,0.26081046,Test
667,0.5586632,0.043066166,0.120248534,0.2780221,0,0,0.33345476,Test
668,0.4961625,0.014420209,0.13890275,0.3505145,0,0,0.3371376,Test
669,0.40783826,0.116947174,0.14012186,0.33509272,1,0,0.2263362,Test
670,0.5955594,0.3794344,0.020791786,0.0042144726,0,0,0.2891406,Test
671,0.14122486,0.0004409078,0.15638179,0.70195246,0,3,0.30060542,Test
672,0.03570131,0.0012237009,0.0057763616,0.9572986,0,3,0.10704323,Test
673,0.74741113,0.039966024,0.054216135,0.1584067,0,0,0.23740987,Test
674,0.16561148,0.014040036,0.23521087,0.5851376,0,3,0.33069035,Test
675,0.5187131,0.0743618,0.06727455,0.33965048,0,0,0.27863216,Test
676,0.30349842,0.036581673,0.029076725,0.6308432,0,3,0.3946723,Test
677,0.19206773,0.005949478,0.1626071,0.63937575,0,3,0.3096746,Test
678,0.3944455,0.50900805,0.043807276,0.052739106,0,1,0.21186128,Test
679,0.74312294,0.02385369,0.059033103,0.17399031,0,0,0.32044575,Test
680,0.4368907,0.001718785,0.4479733,0.11341717,0,2,0.29265937,Test
681,0.036890022,0.092842,0.014237933,0.8560301,1,3,0.123214506,Test
682,0.49974722,0.113339975,0.018632026,0.36828083,0,0,0.3292299,Test
683,0.978587,0.0003208337,0.009254598,0.01183759,0,0,0.037759487,Test
684,0.058654588,0.025229314,0.16395189,0.7521642,0,3,0.256581,Test
685,0.6037779,0.0076705217,0.081627354,0.30692425,0,0,0.39859772,Test
686,0.7543372,0.0052884417,0.009690701,0.23068364,0,0,0.339535,Test
687,0.06793912,0.41511735,0.0005184018,0.51642513,0,3,0.40899548,Test
688,0.36023635,0.34546426,0.26202023,0.032279193,0,0,0.22143094,Test
689,0.7422373,0.0077381777,0.11110614,0.13891837,0,0,0.27671286,Test
690,0.7103745,0.0020565283,0.16537051,0.12219844,0,0,0.19502409,Test
691,0.24356368,0.201016,0.04825097,0.50716937,0,3,0.27835467,Test
692,0.9760073,0.00049652543,0.01956831,0.003927833,0,0,0.030453447,Test
693,0.36935538,0.4651931,0.14681736,0.018634206,0,1,0.40416393,Test
694,0.2937613,0.31870478,0.0281729,0.359361,0,3,0.24134101,Test
695,0.95290774,0.010510432,0.019140908,0.017440887,0,0,0.076086044,Test
696,0.12609914,0.009555494,0.12932509,0.7350203,0,3,0.32111067,Test
697,0.54690075,0.021448985,0.060451426,0.37119883,1,0,0.283557,Test
698,0.13906236,0.00017600851,0.15591902,0.70484257,0,3,0.29629627,Test
699,0.4299976,0.22048938,0.052175067,0.29733795,1,0,0.28198138,Test
700,0.043888193,0.028791362,0.018204305,0.9091161,0,3,0.16134134,Test
701,0.03610129,0.93867695,0.0032404196,0.02198131,0,1,0.063190065,Test
702,0.68410033,0.2110323,0.055897046,0.04897037,0,0,0.20683102,Test
703,0.70974696,0.0012665305,0.040583156,0.24840336,0,0,0.3219577,Test
704,0.25776806,0.59760416,0.049966447,0.09466132,0,1,0.24866928,Test
705,0.45911807,0.031642087,0.0118063865,0.49743348,0,3,0.32055348,Test
706,0.36564052,0.2670989,0.16893709,0.19832353,0,0,0.2778752,Test
707,0.36172658,0.19826499,0.026248688,0.4137597,0,3,0.36527872,Test
708,0.54440916,0.048284303,0.13277759,0.27452898,0,0,0.28226098,Test
709,0.22699821,0.02478561,0.15141305,0.5968031,0,3,0.3175289,Test
710,0.3898875,0.09642284,0.39358863,0.12010093,0,2,0.21533069,Test
711,0.4362697,0.008390855,0.24497096,0.31036848,0,0,0.261032,Test
712,0.78084767,0.005314193,0.10775398,0.10608413,0,0,0.3342643,Test
713,0.73673666,0.016435461,0.078464344,0.1683636,0,0,0.33337706,Test
714,0.92092943,0.0030731417,0.020563962,0.055433404,0,0,0.15883349,Test
715,0.8420037,0.008890555,0.037859626,0.11124607,0,0,0.10100609,Test
716,0.002672891,0.9845557,0.0012598914,0.011511527,0,1,0.016977377,Test
717,0.2561391,0.6493585,0.02607743,0.068424985,0,1,0.33284265,Test
718,0.31228673,0.26973677,0.15667666,0.26129982,0,0,0.21856901,Test
719,0.72913957,0.03195876,0.0931686,0.1457331,0,0,0.19599365,Test
720,0.6179042,0.1267201,0.16571249,0.0896632,0,0,0.22644508,Test
721,0.5701057,0.103358686,0.01436305,0.31217256,0,0,0.31278762,Test
722,0.0029304528,0.7618729,0.0020432076,0.23315343,0,1,0.22041434,Test
723,0.064212516,0.0645078,0.32953832,0.5417414,0,3,0.283564,Test
724,0.22582063,0.00045073492,0.19182351,0.58190507,0,3,0.42365253,Test
725,0.026389858,0.56299967,0.018471237,0.3921392,0,1,0.2714721,Test
726,0.21788056,0.28980964,0.03486228,0.4574476,0,3,0.2962536,Test
727,0.322506,0.004531392,0.005606632,0.667356,0,3,0.40239033,Test
728,0.0005547139,0.89907455,0.00059640117,0.099774316,0,1,0.22267963,Test
729,0.4218958,0.0022683113,0.32056817,0.2552677,0,0,0.30594066,Test
730,0.65104073,0.0031478207,0.039248504,0.30656293,1,0,0.39948276,Test
731,0.6831416,0.004771578,0.10979787,0.20228891,1,0,0.33362705,Test
732,0.47456437,0.20442529,0.19806413,0.12294624,0,0,0.2430279,Test
733,0.5491384,0.005267917,0.1048588,0.34073487,0,0,0.29512474,Test
734,0.95135087,0.011281206,0.0164272,0.020940771,0,0,0.033445235,Test
735,0.11810975,0.06895836,0.054778684,0.7581532,0,3,0.30701137,Test
736,0.81913745,0.07195763,0.011491359,0.09741352,0,0,0.35290197,Test
737,0.67900324,0.032675833,0.23236534,0.05595559,0,0,0.19076493,Test
738,0.54323363,0.4512922,0.0015934352,0.0038807336,0,0,0.36513996,Test
739,0.0780275,0.3164831,0.06927712,0.5362123,0,3,0.3136717,Test
740,0.2586425,0.35259256,0.019697215,0.36906767,0,3,0.34874687,Test
741,0.45845342,0.0659242,0.12878434,0.34683803,0,0,0.36952356,Test
742,0.030255323,0.50382,0.025384853,0.44053984,0,1,0.36572325,Test
743,0.50524604,0.013415879,0.21751145,0.26382667,0,0,0.2555884,Test
744,0.5354657,0.041941907,0.250883,0.1717094,0,0,0.2280369,Test
745,0.16040877,0.007693468,0.13086364,0.7010341,0,3,0.19716462,Test
746,0.06524782,0.0023047165,0.30496508,0.6274824,0,3,0.3182596,Test
747,0.10822289,0.0012678062,0.006187322,0.88432205,0,3,0.1637437,Test
748,0.35322428,0.039679542,0.053146917,0.55394924,0,3,0.4259604,Test
749,0.21600771,0.3372551,0.020107437,0.42662972,1,3,0.2940782,Test
750,0.5913196,0.016110923,0.012132032,0.38043746,0,0,0.43317014,Test
751,1.0,7.201307e-23,1.8055601e-13,4.7632404e-21,0,0,0.0,Test
752,0.22778185,0.7370182,0.017914103,0.017285809,0,1,0.280779,Test
753,0.24315086,0.4616925,0.0048088646,0.2903477,0,1,0.24608693,Test
754,0.15115997,0.40102285,0.03521832,0.41259885,0,3,0.31688946,Test
755,0.49131066,0.020254906,0.29865143,0.18978298,0,0,0.34730676,Test
756,0.1901896,0.10423632,0.07291828,0.6326558,0,3,0.36178446,Test
757,0.7492555,0.0010813398,0.014971373,0.23469183,0,0,0.3153758,Test
758,0.8305432,0.0044847266,0.060750592,0.10422146,0,0,0.19700722,Test
759,0.56289256,0.1480684,0.032621104,0.2564179,1,0,0.38913083,Test
760,0.5695699,0.0055955825,0.07045123,0.3543833,0,0,0.34546876,Test
761,0.15236187,0.8062192,0.012535292,0.028883642,0,1,0.11366754,Test
762,0.04960824,0.58328927,0.029983465,0.33711904,0,1,0.23421678,Test
763,0.5111725,0.008752959,0.2680553,0.21201925,0,0,0.32579792,Test
764,0.03500337,0.007023672,0.38292018,0.57505274,0,3,0.32120174,Test
765,0.7237475,0.00088751374,0.08257177,0.19279318,1,0,0.35739112,Test
766,0.42489752,0.031093365,0.20369485,0.3403143,0,0,0.3328945,Test
767,0.13488816,0.011434443,0.033537194,0.8201402,0,3,0.30151474,Test
768,0.08610116,0.82435524,0.019831043,0.06971269,0,1,0.14362592,Test
769,0.2760734,0.031480134,0.048484154,0.6439623,0,3,0.32400778,Test
770,0.7614418,2.999306e-05,0.10533591,0.13319227,0,0,0.35946804,Test
771,0.35861224,0.0025218264,0.014600299,0.6242657,0,3,0.35805166,Test
772,0.7879377,0.006984239,0.03216564,0.17291248,0,0,0.32045788,Test
773,0.61721927,0.15543796,0.1895714,0.03777131,0,0,0.2141556,Test
774,0.09504262,0.039552752,0.09368454,0.77172005,0,3,0.2165515,Test
775,0.66710985,0.00026610715,0.050126232,0.2824978,0,0,0.36573622,Test
776,0.0010037161,0.00030483754,0.1477699,0.85092145,0,3,0.31128976,Test
777,0.71379817,0.0015235565,0.055264674,0.22941366,0,0,0.34436142,Test
778,0.31268838,0.21940105,0.30280513,0.16510542,0,0,0.20032233,Test
779,0.87591106,0.010362608,0.04999672,0.063729696,0,0,0.1411458,Test
780,0.4257862,0.3454166,0.036980573,0.19181661,0,0,0.34938058,Test
781,0.08427352,0.77917135,0.027210653,0.10934452,1,1,0.2117511,Test
782,0.23513345,0.04430611,0.1192685,0.60129195,0,3,0.3371569,Test
783,0.7198514,0.010385467,0.21226266,0.057500504,0,0,0.22029705,Test
784,0.9853276,0.005569876,0.0025790078,0.0065235645,0,0,0.018505242,Test
785,0.9320914,3.7246464e-05,0.058106363,0.009765068,0,0,0.12322042,Test
786,0.021008108,0.90999013,0.028077772,0.040924095,0,1,0.16908757,Test
787,0.006346894,0.69831735,0.0064455583,0.28889018,0,1,0.30139473,Test
788,0.0039430433,0.8523499,0.0009832717,0.14272386,0,1,0.28587192,Test
789,0.00891448,3.6942547e-05,0.12660547,0.864443,0,3,0.30279738,Test
790,0.079169355,0.0020738046,0.099365786,0.8193911,0,3,0.20733361,Test
791,0.92929935,0.054543763,0.0057060583,0.01045081,0,0,0.15940645,Test
792,0.34200037,0.010643648,0.03471721,0.61263883,0,3,0.43984264,Test
793,0.33389628,0.010165411,0.46154866,0.19438967,0,2,0.2732674,Test
794,0.33413714,0.06755175,0.23271021,0.36560085,0,3,0.3392171,Test
795,0.6253092,0.0033604067,0.26685777,0.10447259,1,0,0.39785513,Test
796,0.85504687,0.015388059,0.055415355,0.0741498,0,0,0.14038382,Test
797,0.45968896,0.23459971,0.08706304,0.21864824,0,0,0.3315692,Test
798,0.99493086,9.344996e-05,0.0041916333,0.00078402215,0,0,0.009925545,Test
799,0.0775685,0.78242177,0.0122826,0.12772712,0,1,0.23447974,Test
800,0.27821237,0.58693904,0.07206856,0.06278001,0,1,0.21399204,Test
801,0.9775733,0.0008968267,0.011756432,0.009773405,0,0,0.03725124,Test
802,0.8907096,0.024824768,0.050168734,0.03429693,0,0,0.1432877,Test
803,0.0040652817,0.006602532,0.12865478,0.8606774,0,3,0.27557793,Test
804,0.33784682,0.0241497,0.31633747,0.32166606,0,0,0.25524366,Test
805,0.21211652,0.42695016,0.040715054,0.32021827,0,1,0.27178946,Test
806,0.3416899,0.0023826011,0.28389493,0.37203258,0,3,0.30515984,Test
807,0.14829294,0.3789127,0.043144684,0.42964974,0,3,0.3896139,Test
808,0.7292534,0.055825733,0.12468432,0.09023659,0,0,0.18632817,Test
809,0.11984645,0.31863663,0.41551566,0.14600128,0,2,0.26400375,Test
810,0.5879196,0.009891538,0.35029203,0.05189682,0,0,0.25111923,Test
811,0.4291307,0.111188315,0.20461437,0.25506666,0,0,0.35099596,Test
812,0.06597777,0.3073306,0.13490546,0.49178615,0,3,0.29734406,Test
813,0.76465064,0.017249089,0.12637253,0.09172781,0,0,0.2912534,Test
814,0.4906798,0.08000027,0.3651867,0.0641333,0,0,0.28883314,Test
815,0.532995,0.0026584056,0.09345937,0.37088722,0,0,0.2812584,Test
816,0.07710995,0.32126787,0.2155972,0.38602504,0,3,0.22491713,Test
817,0.12967953,0.8526882,0.008656137,0.008976183,0,1,0.25982437,Test
818,0.98747396,0.0026884899,0.0031625587,0.006675014,0,0,0.024256099,Test
819,0.5461374,0.0026729996,0.11912092,0.33206868,0,0,0.3880433,Test
820,0.18846057,0.00047595435,0.25236687,0.5586966,0,3,0.34125292,Test
821,0.10740791,0.0059707547,0.078723766,0.80789757,0,3,0.27797598,Test
822,0.6198141,0.004279527,0.17832173,0.1975846,0,0,0.31662795,Test
823,0.9906195,1.6388698e-09,0.009380038,5.539788e-07,1,0,0.025795957,Test
824,0.05393534,0.0001771422,0.10278757,0.84309995,0,3,0.26534143,Test
825,0.403116,0.017628467,0.06497567,0.51427984,1,3,0.34296829,Test
826,0.0006647742,0.9384861,0.0005043051,0.060344696,0,1,0.10303985,Test
827,0.33902308,0.0015813851,0.42157215,0.23782337,0,2,0.2770637,Test
828,0.9084546,0.0016790923,0.04122219,0.048644125,0,0,0.12226187,Test
829,0.86720955,0.10606776,0.026044931,0.00067783205,0,0,0.115834944,Test
830,0.14014933,0.49913543,0.0968205,0.26389477,0,1,0.33071992,Test
831,0.2499545,0.0057533765,0.34047893,0.40381318,0,3,0.38591316,Test
832,0.0012195623,0.9763814,0.0016270597,0.020772005,0,1,0.040854506,Test
833,0.661809,0.010409949,0.029251972,0.29852912,0,0,0.38110396,Test
834,0.14250177,0.15646596,0.108611,0.59242123,0,3,0.2646161,Test
835,0.3315577,0.010153313,0.07004689,0.5882422,1,3,0.44145903,Test
836,0.0051442827,0.9201454,0.0013753296,0.07333498,0,1,0.10550808,Test
837,0.45929986,0.018288456,0.5170763,0.005335327,0,2,0.28201526,Test
838,0.11924875,0.002690435,0.016763464,0.8612973,0,3,0.30545735,Test
839,0.0027826368,0.0026000934,0.03489142,0.95972586,0,3,0.069407575,Test
840,0.0009314626,1.1451911e-05,0.23458943,0.76446766,0,3,0.29936147,Test
841,0.12014208,0.16999367,0.26803577,0.4418285,0,3,0.3483388,Test
842,0.35560864,0.048824344,0.17079256,0.42477447,0,3,0.38626167,Test
843,0.103671476,0.017280228,0.13015786,0.74889046,0,3,0.2839309,Test
844,0.096082136,0.25536662,0.013259833,0.6352914,0,3,0.32825217,Test
845,0.06919105,0.48583412,0.10477406,0.34020075,0,1,0.30716136,Test
846,0.16225669,7.383783e-05,0.24387844,0.59379107,1,3,0.40747148,Test
847,0.4649705,0.0026219967,0.28418937,0.24821813,0,0,0.30326343,Test
848,0.16277248,0.045126207,0.11536869,0.67673266,0,3,0.2639106,Test
849,0.482596,0.0034678008,0.1752521,0.33868408,0,0,0.29983371,Test
850,0.8675059,0.08694261,0.030067166,0.015484328,0,0,0.07466654,Test
851,0.3288638,0.24744323,0.25197726,0.17171572,0,0,0.28704017,Test
852,0.83142567,0.015816836,0.046081074,0.10667652,0,0,0.20968302,Test
853,0.8489337,0.010329552,0.016632972,0.12410374,0,0,0.25081673,Test
854,0.53162783,0.0471229,0.061180227,0.36006898,1,0,0.29691702,Test
855,0.86155033,0.08013959,0.016223008,0.04208698,0,0,0.13705516,Test
856,0.92405033,0.0067881965,0.016551873,0.0526096,0,0,0.08963927,Test
857,0.050333716,4.2137453e-05,0.1632025,0.7864216,0,3,0.2687321,Test
858,0.9826053,0.0015483911,0.015206963,0.0006392783,0,0,0.017333418,Test
859,0.28494632,0.68555176,0.02299275,0.006509129,0,1,0.2797888,Test
860,0.24929385,0.02900756,0.20500335,0.51669526,0,3,0.28595346,Test
861,0.24547979,0.10838183,0.033339888,0.6127984,0,3,0.29194558,Test
862,0.28766143,0.043131452,0.33023548,0.33897164,0,3,0.27247092,Test
863,0.4091362,0.1026561,0.1503186,0.3378891,0,0,0.23225331,Test
864,0.9974538,4.8581946e-06,0.002492222,4.908561e-05,1,0,0.0051022447,Test
865,0.22365947,0.018240852,0.24643655,0.51166314,0,3,0.42028698,Test
866,0.0121726105,0.03951002,0.006954921,0.9413625,1,3,0.16896285,Test
867,0.1958173,0.309146,0.014860375,0.48017636,0,3,0.3946367,Test
868,0.1252831,0.6623499,0.088925555,0.12344148,0,1,0.2928668,Test
869,0.048489697,0.00015474307,0.32575735,0.6255982,1,3,0.3453776,Test
870,0.6396044,0.0062284893,0.16941614,0.184751,0,0,0.24379182,Test
871,0.7190686,0.042710003,0.14479882,0.09342264,0,0,0.24878322,Test
872,0.51284844,0.0011835789,0.22865018,0.2573178,0,0,0.35742757,Test
873,0.70611775,0.004106728,0.068450585,0.22132488,0,0,0.29915464,Test
874,0.42544907,0.013317806,0.18035409,0.38087898,0,0,0.35376948,Test
875,0.0995485,0.02211743,0.2032016,0.67513245,0,3,0.27573532,Test
876,0.9140781,4.295466e-26,0.085921906,4.8430235e-23,0,0,0.2717089,Test
877,0.47998133,0.32494864,0.08572915,0.10934085,0,0,0.2994019,Test
878,0.8742486,0.040635653,0.026278188,0.058837574,0,0,0.15280385,Test
879,0.123651884,0.13989757,0.067447186,0.66900337,0,3,0.3340295,Test
880,0.07069524,0.13191345,0.091762945,0.70562834,0,3,0.28579414,Test
881,0.34830695,0.010386198,0.121288404,0.52001846,0,3,0.25720182,Test
882,0.24636617,0.27909118,0.11857666,0.35596597,0,3,0.23277476,Test
883,0.81405544,0.008884503,0.113645054,0.063414976,0,0,0.13838397,Test
884,0.196964,0.59192455,0.07062831,0.1404831,0,1,0.27693748,Test
885,0.60539854,0.17114258,0.16905573,0.054403175,0,0,0.25595498,Test
886,0.22911415,0.45443398,0.24139288,0.07505901,0,1,0.18216439,Test
887,0.15100193,0.22700278,0.029867005,0.59212834,0,3,0.4439109,Test
888,0.9732563,0.00046577258,0.025271574,0.0010063021,0,0,0.0376816,Test
889,0.31432527,0.00032911618,0.21783575,0.46750984,0,3,0.45753923,Test
890,0.05713612,0.4662775,0.3293084,0.14727804,0,1,0.2793447,Test
891,0.0001711932,0.941198,0.0005204999,0.058110356,0,1,0.122174956,Test
892,0.31978256,0.026087906,0.3984715,0.25565803,0,2,0.29863414,Test
893,0.9866308,3.7702404e-05,0.011470147,0.0018613599,0,0,0.017961869,Test
894,0.75366724,0.025509879,0.11406462,0.10675825,0,0,0.21744643,Test
895,0.5948916,0.01819126,0.029959958,0.35695726,1,0,0.37001163,Test
896,0.39668307,0.18734615,0.0899556,0.32601517,0,0,0.3580579,Test
897,0.4528467,0.29557404,0.09335608,0.15822315,1,0,0.35567307,Test
898,0.025526881,0.00020271858,0.08101778,0.8932527,1,3,0.24624147,Test
899,0.10549736,0.70549554,0.028550658,0.16045643,0,1,0.31584883,Test
900,0.093719795,0.07137213,0.17393328,0.6609748,1,3,0.22032613,Test
901,0.09653956,0.009763446,0.054807525,0.8388895,0,3,0.15590487,Test
902,0.11832845,0.8514451,0.008088388,0.02213805,0,1,0.28433126,Test
903,0.07615392,0.0024849274,0.11882309,0.80253804,0,3,0.24269035,Test
904,0.8082735,0.07751208,0.013925696,0.100288734,0,0,0.40394625,Test
905,0.0074084224,0.99233836,0.00020588012,4.7270103e-05,0,1,0.010896034,Test
906,0.791805,0.0005359862,0.13377611,0.0738829,0,0,0.21512294,Test
907,0.97271025,0.008168751,0.015412876,0.0037081235,0,0,0.062180102,Test
908,0.77843297,0.021600056,0.018565185,0.18140182,0,0,0.2381829,Test
909,0.43589035,0.55609316,0.002190494,0.005826039,0,1,0.2667203,Test
910,0.63565373,0.032050036,0.13221167,0.2000846,0,0,0.30054167,Test
911,0.012910487,0.8515046,0.0014802967,0.13410464,0,1,0.26492578,Test
912,0.0028381564,0.0009938717,0.036990304,0.9591777,0,3,0.057816457,Test
913,0.6023789,0.3471418,0.009824715,0.040654637,1,0,0.31195956,Test
914,0.13380335,0.00062251906,0.008774139,0.85679996,0,3,0.238132,Test
915,0.8175886,0.068088405,0.07680261,0.037520368,1,0,0.18861377,Test
916,0.015311974,0.009946224,0.16765298,0.80708885,0,3,0.30124167,Test
917,0.60360503,0.336999,0.004319759,0.055076085,0,0,0.4880608,Test
918,0.0071202167,0.780084,0.00995113,0.20284466,0,1,0.2843975,Test
919,0.004351557,0.00093602773,0.08053614,0.9141763,0,3,0.17407544,Test
920,0.13826148,0.40607804,0.024294775,0.43136567,0,3,0.39122263,Test
921,0.17386115,0.24933183,0.056319963,0.520487,0,3,0.36957228,Test
922,0.23308542,0.67353314,0.033683438,0.059698027,0,1,0.36496586,Test
923,0.34011298,0.10366981,0.12330635,0.43291086,0,3,0.2366751,Test
924,0.9977522,1.0591056e-05,0.0013548806,0.00088237255,0,0,0.0035789069,Test
925,0.9272684,7.627548e-06,0.0013045508,0.07141937,0,0,0.22546642,Test
926,0.5009104,0.03248664,0.10368718,0.36291578,0,0,0.3976029,Test
927,0.64710796,0.043178417,0.09057535,0.21913822,0,0,0.35021883,Test
928,0.025108019,0.9543125,0.00024394496,0.020335428,0,1,0.078583375,Test
929,0.013023138,7.187798e-05,0.009251762,0.9776532,0,3,0.037266713,Test
930,0.63796264,0.18905565,0.13064423,0.042337514,0,0,0.28987703,Test
931,0.7646562,0.0001793447,0.055283386,0.17988108,0,0,0.36729783,Test
932,0.007950837,0.87774724,0.018196823,0.096105084,0,1,0.23014076,Test
933,0.18062499,0.043488685,0.2847178,0.4911685,0,3,0.27276468,Test
934,0.73603916,0.05304157,0.009747179,0.20117211,0,0,0.35301703,Test
935,0.031034872,0.08655515,0.06891198,0.813498,0,3,0.21003355,Test
936,0.74343145,0.052398246,0.14536251,0.058807723,1,0,0.21848862,Test
937,0.98186696,0.0008507149,0.010205837,0.0070765405,0,0,0.013015278,Test
938,0.9936863,1.6939473e-05,0.0053841574,0.0009127088,0,0,0.013944347,Test
939,0.028392086,0.33917361,0.010792253,0.621642,0,3,0.3013127,Test
940,0.044818807,0.0013761095,0.01846869,0.9353363,0,3,0.1029051,Test
941,0.22867182,0.0068927915,0.077854246,0.6865811,0,3,0.2849705,Test
942,0.7253159,0.00042375986,0.1550294,0.11923096,1,0,0.2455716,Test
943,0.018786266,0.81131953,0.005697621,0.1641966,0,1,0.23246627,Test
944,0.33640623,0.006226794,0.49838838,0.15897863,0,2,0.22731581,Test
945,0.41399354,0.43087858,0.11308911,0.04203873,1,1,0.32909846,Test
946,0.06506829,0.0030744718,0.0420667,0.88979053,0,3,0.12782353,Test
947,0.22692855,0.6617042,0.05560724,0.055760037,0,1,0.23870863,Test
948,0.9557544,0.012682108,0.017515901,0.014047521,0,0,0.040440284,Test
949,0.08964235,0.02073565,0.008347983,0.88127404,0,3,0.18443073,Test
950,0.9521553,0.0032800462,0.028749704,0.015815005,0,0,0.06700571,Test
951,0.4743639,0.002804411,0.28636098,0.2364707,0,0,0.33564407,Test
952,0.7056261,0.061224144,0.015887413,0.21726242,0,0,0.43344817,Test
953,0.29818386,0.262343,0.029561128,0.40991202,0,3,0.4185382,Test
954,0.4652918,0.053743444,0.14891256,0.33205226,0,0,0.33690685,Test
955,0.90449446,0.00054533,0.047960322,0.046999875,0,0,0.13137628,Test
956,0.9050323,0.08212085,0.0069204764,0.0059263823,0,0,0.18047617,Test
957,0.96339285,0.0022106636,0.01560283,0.018793663,0,0,0.048682835,Test
958,0.44960198,0.00862883,0.22650918,0.31525993,0,0,0.36453405,Test
959,0.29554003,0.006249588,0.0699559,0.6282545,0,3,0.3014906,Test
960,0.6854877,0.012956316,0.06304784,0.23850815,0,0,0.35079333,Test
961,0.008663647,0.6552395,0.0027287665,0.33336797,0,1,0.36707833,Test
962,0.6962736,5.552878e-05,0.007203602,0.29646724,0,0,0.45101437,Test
963,0.0073595317,0.9700081,0.00629885,0.016333595,0,1,0.036061924,Test
964,0.20139349,0.061059654,0.07231356,0.66523325,0,3,0.22456053,Test
965,0.64908993,0.19253233,0.049668036,0.108709715,0,0,0.31349963,Test
966,0.59457576,0.041404136,0.121081516,0.2429386,0,0,0.27935296,Test
967,0.33868843,0.00208701,0.07612457,0.58309996,0,3,0.38111815,Test
968,0.18967183,0.1726642,0.1099872,0.52767676,0,3,0.27774367,Test
969,0.6302835,0.08203568,0.23625176,0.051429063,0,0,0.2348283,Test
970,0.07961046,0.9061961,0.0005750424,0.013618356,0,1,0.1170492,Test
971,0.14185756,0.024521466,0.014552509,0.81906855,0,3,0.3140337,Test
972,0.04866488,0.09732749,0.074136585,0.7798711,0,3,0.25876793,Test
973,0.20804973,0.15997246,0.006573958,0.6254038,0,3,0.38145596,Test
974,0.8650982,0.004585189,0.0497879,0.08052879,1,0,0.11255765,Test
975,0.10572104,0.077992424,0.25062793,0.5656586,0,3,0.22220117,Test
976,0.79454136,0.010088068,0.099180326,0.096190274,0,0,0.19721673,Test
977,0.11984561,0.026264887,0.016890513,0.83699906,0,3,0.2828203,Test
978,0.42783403,0.07854889,0.022401216,0.47121587,0,3,0.32433757,Test
979,0.09077201,0.056343682,0.015370329,0.83751404,1,3,0.2924044,Test
980,0.63969105,0.063295566,0.23448494,0.06252845,0,0,0.246197,Test
981,0.81359196,0.025682652,0.13593726,0.0247881,0,0,0.23408979,Test
982,0.19076845,0.16370976,0.19390061,0.45162115,0,3,0.2415374,Test
983,0.3290697,0.23238853,0.15558724,0.2829545,0,0,0.19072591,Test
984,0.20649791,0.040377475,0.28373712,0.46938753,0,3,0.29477414,Test
985,0.8231661,0.10268633,0.02405936,0.050088257,0,0,0.17571478,Test
986,0.5071851,0.1878343,0.124720916,0.18025975,0,0,0.3878481,Test
987,0.512755,0.01037481,0.44982034,0.027049914,0,0,0.3056009,Test
988,0.85930794,0.009590819,0.09398849,0.03711282,0,0,0.21800102,Test
989,0.94530135,0.00028696508,0.01974145,0.034670286,0,0,0.0783769,Test
990,0.90301144,0.00018046123,0.0052859867,0.09152208,0,0,0.20280641,Test
991,0.60341895,0.00041057085,0.044520706,0.35164982,0,0,0.3546888,Test
992,0.43993527,0.0745741,0.038162276,0.44732827,0,3,0.28748772,Test
993,0.32404223,0.14400053,0.007343483,0.52461374,0,3,0.36103848,Test
994,0.34024364,0.010710877,0.4446252,0.20442028,0,2,0.21912175,Test
995,0.92049825,0.0019559502,0.014085999,0.06345979,0,0,0.16236475,Test
996,0.7264041,0.13261257,0.070781745,0.07020165,0,0,0.23062722,Test
997,0.9816715,0.0007581116,0.004484423,0.013085967,1,0,0.025644222,Test
998,0.5149841,0.0021746,0.06825589,0.4145854,0,0,0.3110966,Test
999,0.9170834,0.01792767,0.044604577,0.020384403,0,0,0.11432511,Test
