,class,split,class_class_prob_0_de,class_class_prob_1_de,class_class_prob_2_de,class_class_prob_3_de,class_pred_label_de,pred_std_de,crossentropy_loss_de,incorrect_class_prob_de,correct_de
0,2,Test,0.06522335534651998,0.09815813325773708,0.835247716471405,0.0013707860032783797,2,0.11589970811492284,0.18002693169524597,0.16475228352859494,True
1,2,Test,0.9999857187271118,1.298794770681389e-06,1.2377464628607175e-05,6.235711845343378e-07,0,5.9808283586309635e-06,11.29963310743197,0.9999876225353714,False
2,2,Test,0.9761770406040956,0.000128866468171507,0.023681610524791834,1.2526613719195242e-05,0,0.022680809323825695,3.743056459252363,0.9763183894752082,False
3,2,Test,0.5732901278297424,0.002792181902867919,0.42225048499293516,0.0016671609352537638,0,0.15945928030311374,0.8621565747029745,0.5777495150070648,False
4,2,Test,0.8929210832073211,0.0012669130067137655,0.0015153130098863846,0.10429666630233747,0,0.10398903960459743,6.492133254175397,0.9984846869901136,False
5,2,Test,0.9996518135070801,9.951932777762636e-05,6.173950408029386e-05,0.0001869296362546582,0,0.00031692340068930014,9.69258657131167,0.9999382604959197,False
6,2,Test,0.6883706087113952,0.10339178767206296,0.2081060146020517,0.00013160268928134883,0,0.1643467804796971,1.5697076435396125,0.7918939853979483,False
7,2,Test,0.9688304984236146,4.346173030376311e-05,0.031022087124073706,0.00010395048458696124,0,0.017925902219997035,3.4730558403226324,0.9689779128759263,False
8,2,Test,0.5981215205412388,0.004792689153941803,0.387750342008461,0.009335456758965072,0,0.14349720567098503,0.9473935948924517,0.6122496579915391,False
9,2,Test,0.7670303473857727,0.0004335895616214416,0.2317988084314786,0.0007372738340496328,0,0.10320690277553075,1.4618854885923789,0.7682011915685214,False
10,2,Test,0.9999571123394777,3.82239238102104e-06,3.544850697489777e-05,3.6395518137859643e-06,0,2.207875821486215e-05,10.247429422237012,0.9999645514930251,False
11,2,Test,0.10515002045274716,0.0010825046343598372,0.8888594839186096,0.00490797839470491,2,0.08110325434598606,0.11781611679512251,0.11114051608139042,True
12,2,Test,0.9974828015420532,3.3752307807295905e-05,0.0024780131363399916,5.420453363086768e-06,0,0.0017227061430651477,6.0002981946028005,0.99752198686366,False
13,2,Test,0.948569587991333,0.001398343050012784,0.0496616446465825,0.0003704509537379634,0,0.02151246328918925,3.002522381315542,0.9503383553534175,False
14,2,Test,0.8391701468608094,0.02535104102825861,0.09886429417304468,0.03661450746654069,0,0.06862108187715997,2.3140071351354443,0.9011357058269553,False
15,2,Test,0.999236524105072,0.00012113229888512352,0.0003448939696499778,0.0002974153757978601,0,0.0005420405375561996,7.972273522517684,0.99965510603035,False
16,2,Test,0.9462826039453125,0.011068981334436132,0.012465050204033944,0.03018341451096478,0,0.027306709525951732,4.3848265344147315,0.987534949795966,False
17,2,Test,0.9486907004276735,0.007282730307733254,0.04371254849753771,0.00031399728078871357,0,0.022962153279950725,3.1301200671271396,0.9562874515024623,False
18,2,Test,0.07030136905647151,6.974368529199358e-05,0.9295800806000367,4.883447133710655e-05,2,0.05610443429188079,0.07302232104002172,0.07041991939996328,True
19,2,Test,0.5405089667262268,0.00047557650003488325,0.4588099193889999,0.0002055360158855143,0,0.0912073597524279,0.7791192736707501,0.5411900806110002,False
20,2,Test,0.20184552891980095,0.0004794284524461755,0.7968674014186858,0.0008076451759234943,2,0.09630163322879234,0.22706698615539933,0.20313259858131416,True
21,2,Test,0.12792179019186256,1.943791112241111e-05,0.8720533499351196,5.402256491845874e-06,2,0.0850212864181626,0.13690467582638927,0.12794665006488037,True
22,2,Test,0.9857492554850769,3.937481690618069e-05,0.014196364445404988,1.501220658879431e-05,0,0.007549836860640637,4.25476937212639,0.985803635554595,False
23,2,Test,0.9611092163320922,0.00021622458752324088,0.03845989071777888,0.00021467558050216264,0,0.033167712174797595,3.2581393802769476,0.9615401092822211,False
24,2,Test,0.08414549721426048,1.783422951064223e-05,0.9158046611958313,3.198694404979774e-05,2,0.028232163396998373,0.08795218901905774,0.08419533880416874,True
25,2,Test,0.9903799302774047,0.00021438046773283387,0.009396390629918358,9.288038169478374e-06,0,0.005890175830528698,4.667429638984263,0.9906036093700816,False
26,2,Test,0.9999928951263428,2.9741912948145495e-06,2.9984780245433548e-06,1.119908332633139e-06,0,3.981164169426926e-06,12.717405723181326,0.9999970015219755,False
27,2,Test,0.08880053250138306,0.0001336555203115734,0.9106347551651002,0.00043103480249730413,2,0.03921249407824601,0.09361338948595652,0.08936524483489983,True
28,2,Test,0.3817058031216278,0.0031290595849460265,0.6124515238801422,0.0027136398417944834,2,0.16682826288393807,0.49028548438084296,0.38754847611985777,True
29,2,Test,0.50759076885849,0.001612895287926778,0.490245802381308,0.0005505416712944009,0,0.16113252997586788,0.7128483761426269,0.509754197618692,False
30,2,Test,0.9877814765000611,0.00013488084477486883,0.011858515921616766,0.00022513561969131425,0,0.005875802647029119,4.434709026326945,0.9881414840783832,False
31,2,Test,0.03419258256631393,0.00539211087442977,0.8899845277284241,0.07043077685904178,2,0.055834519995974496,0.11655120098186941,0.11001547227157593,True
32,2,Test,0.21566729453094863,0.00036344714140277716,0.7835912073733521,0.00037800620577095595,2,0.10912235908294363,0.24386781378461825,0.21640879262664792,True
33,2,Test,0.9261433006332093,0.00011005348589253881,0.07366819611541367,7.84499154683643e-05,0,0.03493957870661921,2.608184104600319,0.9263318038845864,False
34,2,Test,0.9790332443346251,0.02080508509210824,0.00010198386739250227,5.967587167292417e-05,0,0.012790373757071205,9.190695920007666,0.9998980161326075,False
35,2,Test,0.6872486885235023,0.016110619811372257,0.2865315052863157,0.010109183380203099,0,0.18880500127603098,1.2499067827778279,0.7134684947136842,False
36,2,Test,0.03544792678288555,0.00012468178096320127,0.9639053108131408,0.0005220719827520511,2,0.011575070340110126,0.036762214493583696,0.03609468918685921,True
37,2,Test,0.9955408123651124,0.0016947093047627794,0.0021752796529140206,0.0005892003205511152,0,0.0030109433447767513,6.130598046654258,0.997824720347086,False
38,2,Test,0.8342277046028901,0.001580401873700282,0.16399437198202713,0.00019751059275208575,0,0.12276273044306878,1.807923168929548,0.8360056280179728,False
39,2,Test,0.5826408415642129,0.0007835222552838928,0.41572107097772504,0.0008545833063792945,0,0.1811016395506616,0.8777407460655688,0.584278929022275,False
40,2,Test,0.4310681725990067,0.0014892231054441855,0.562922095887182,0.004520511419483236,2,0.16737174918847925,0.5746140336190648,0.437077904112818,True
41,2,Test,0.9838400842418213,6.53702637681101e-05,0.016076745576191605,1.7845890000757607e-05,0,0.014919809337736486,4.130381425255167,0.9839232544238083,False
42,2,Test,0.7743850586233902,0.013069787288018036,0.20367222040325625,0.00887291507446388,0,0.14340018516114378,1.5912433400946782,0.7963277795967437,False
43,2,Test,0.5217736598482666,0.0021199684132053166,0.4730288688203247,0.003077508150725661,0,0.15403811851300975,0.7485988589058938,0.5269711311796753,False
44,2,Test,0.11963771256655513,0.005726370033504916,0.8674173169496153,0.007218627160696936,2,0.07789938176831611,0.14223508357723033,0.13258268305038468,True
45,2,Test,0.9129665055546571,0.08582767262032436,0.00025253479945199885,0.0009532987096664283,0,0.06761240136898557,8.283961499133234,0.999747465200548,False
46,2,Test,0.8801088930227661,0.0005277974355580542,0.11925375110000394,0.00010955608647171601,0,0.059227021135671756,2.1265016939431765,0.8807462488999961,False
47,2,Test,0.8333423602228546,0.013882255490705564,0.1500979994071716,0.0026773651296644473,0,0.10570956387768515,1.8964668688314674,0.8499020005928284,False
48,2,Test,0.8078710430854799,0.0011051732558376667,0.19057705402498012,0.0004467416495507824,0,0.10084468380740144,1.657698683125845,0.8094229459750198,False
49,2,Test,0.08716617250424309,0.0004958356135796811,0.9109582029808045,0.0013798006039286799,2,0.03893754181134974,0.09325826314704831,0.08904179701919546,True
50,2,Test,0.9150471695036011,0.0007719997244628885,0.0817884415948277,0.0023923599316995094,0,0.0707143869711138,2.503619346154061,0.9182115584051723,False
51,2,Test,0.9749848368650819,0.0017049490579549922,0.0227661611677841,0.0005440428838143703,0,0.010376946057193087,3.7824800047848304,0.9772338388322159,False
52,2,Test,0.8499986536009217,0.001984541551813423,0.14623823829486388,0.00177854061895241,0,0.13109184024212256,1.9225182180196474,0.8537617617051361,False
53,2,Test,0.5966903453817445,0.01636173113509007,0.3393857989422594,0.047562098333714525,0,0.16531085337826484,1.0806177687124965,0.6606142010577406,False
54,2,Test,0.9999455213546753,3.494854102225539e-06,5.066173344159598e-05,3.2629310385551786e-07,0,3.204109043116511e-05,9.890339696810802,0.9999493382665584,False
55,2,Test,0.7095148090003967,0.0020717983002682427,0.280546577832443,0.007866806166652548,0,0.14505338168069715,1.2710155149260545,0.719453422167557,False
56,2,Test,0.28714166568908217,0.3197517643654671,0.025236770178816703,0.3678698347494383,3,0.23528497849870822,3.679453213886461,0.9747632298211832,False
57,2,Test,0.989188565749054,0.0006373214356490461,0.010061661716775,0.00011245956353576256,0,0.008583271150298409,4.59902294735742,0.989938338283225,False
58,2,Test,0.09384568826729985,0.00016467281781647764,0.9055199632101136,0.00046968844110958235,2,0.02989133538950458,0.09924595528643677,0.09448003678988637,True
59,2,Test,0.9789885878562927,0.0004464670262438235,0.02051507837057712,4.986164013597288e-05,0,0.02034946529873624,3.886595132935542,0.9794849216294229,False
60,2,Test,0.9390180621807861,0.003097738420365113,0.051429958531377086,0.006454270633987362,0,0.04962293396874933,2.967534425507574,0.9485700414686229,False
61,2,Test,0.13213314044353103,0.0018259378571161386,0.8644360781565859,0.0016048219860620397,2,0.04492731343708836,0.1456779174177827,0.13556392184341415,True
62,2,Test,0.9993175263428956,9.689230422346407e-05,0.0005653033097817346,2.0248944890781246e-05,0,0.00047444123766167857,7.478148139388202,0.9994346966902182,False
63,2,Test,0.9894329443370056,0.010398279486995154,3.6636044633076836e-05,0.00013211999653964102,0,0.009403274607694493,10.214477976139614,0.9999633639553669,False
64,2,Test,0.43802111527532583,0.00032296270089806863,0.5615454551298005,0.00011045720299616174,2,0.21995334746586495,0.5770625550440054,0.4384545448701995,True
65,2,Test,0.7029896361380005,0.005359640661744493,0.29142336232621097,0.00022737039584094996,0,0.11034307068370224,1.2329782157297815,0.708576637673789,False
66,2,Test,0.3355425659994965,0.002414759029637244,0.6604242379061585,0.0016184436594491077,2,0.12016185957730681,0.4148728657529702,0.33957576209384155,True
67,2,Test,0.11708907447307644,0.20524444899140834,0.2642487628168602,0.41341771106371306,3,0.17819171506362158,1.3308643361089365,0.7357512371831398,False
68,2,Test,0.6325157710509186,0.000737101018599108,0.3663758296006393,0.00037128631408847297,0,0.15298182882955302,1.0040956156052598,0.6336241703993607,False
69,2,Test,0.9463109247627258,0.0008048819099970324,0.05243783783573626,0.0004463903022316287,0,0.03516326371878777,2.948126852139256,0.9475621621642637,False
70,2,Test,0.052218191359734344,0.0008065581042540125,0.9419946766288756,0.004980572913405332,2,0.02953751418969061,0.05975565555881647,0.058005323371124407,True
71,2,Test,0.8994103080920717,0.002910985827418245,0.09288216573847413,0.0047965434409582355,0,0.047190920331755926,2.3764236242666548,0.9071178342615258,False
72,2,Test,0.03146305086026063,0.17742218932995701,0.014116704483170128,0.7769980770659638,3,0.12108259422629315,4.260396467700745,0.9858832955168298,False
73,2,Test,0.9998658418655395,6.51693874006605e-05,4.2256480292568625e-05,2.671773286555083e-05,0,0.00012159148453333195,10.07175283621679,0.9999577435197075,False
74,2,Test,0.5659193210750274,0.00016600951408347902,0.43387699283214937,3.771932685539039e-05,0,0.1571572360929093,0.8349942117086909,0.5661230071678507,False
75,2,Test,0.9853044509887695,0.00014126211255710493,0.014528039976087754,2.6289753015206754e-05,0,0.009477087043252033,4.231674705468962,0.9854719600239122,False
76,2,Test,0.9675492724919128,1.8131551960194266e-05,0.032288994230614355,0.00014355943406025196,0,0.028507898145106847,3.4330288427114835,0.9677110057693856,False
77,2,Test,0.9999319076538086,2.800622620773078e-05,5.267306172910769e-06,3.4863598464146744e-05,0,5.093936887140651e-05,12.153991488734688,0.9999947326938271,False
78,2,Test,0.1614195502369639,0.8359260727384186,0.0009153644482468974,0.001739028414679189,1,0.1319758057342334,6.9961882678958025,0.9990846355517531,False
79,2,Test,0.958774399208313,1.86539076409481e-05,0.041205782328894686,1.1878562577288152e-06,0,0.019101732474666677,3.18917668468578,0.9587942176711053,False
80,2,Test,0.9700135412295532,4.1379969591945135e-05,0.029941657980759144,3.4210228604542073e-06,0,0.025032300851640977,3.5085045247450295,0.9700583420192409,False
81,2,Test,0.9671498898036803,0.0008290920469673309,0.0312796540876928,0.0007413921141460712,0,0.032174238386181025,3.464787421943769,0.9687203459123072,False
82,2,Test,0.9985269325552368,0.0007757856775791411,0.0006933465306136413,3.954185068244893e-06,0,0.0007478565825803174,7.2739806395792685,0.9993066534693864,False
83,2,Test,0.05362954846106201,0.013922334201507711,0.010565704906440234,0.9218824394651793,3,0.05530858015561771,4.550141909227389,0.9894342950935597,False
84,2,Test,0.5210701390364838,0.09262032015619363,0.09174786250177458,0.2945616907131607,0,0.16815887655101305,2.3887110893022196,0.9082521374982254,False
85,2,Test,0.9243982233117676,0.021986963716617635,0.053447406349009616,0.0001673793019553471,0,0.045086219288733395,2.9290571674965014,0.9465525936509904,False
86,2,Test,0.7576201288016129,0.09065618813243648,0.11841170394950692,0.033312000751870616,0,0.16220003136449304,2.133587710492773,0.881588296050493,False
87,2,Test,0.8673208269528198,0.015590951204112139,0.012096724708325715,0.104991507529299,0,0.0959294684075071,4.414820548283648,0.9879032752916743,False
88,2,Test,0.9274874130354309,0.018829995047639415,0.003114475732037691,0.0505682013802765,0,0.040714693796199894,5.771694445229251,0.9968855242679623,False
89,2,Test,0.28488438165331353,0.710866157917614,0.0008192748231212969,0.0034301551509956984,1,0.18783942730774061,7.107090971031995,0.9991807251768787,False
90,2,Test,0.2625378600247288,0.013440429684483335,0.6726653878887939,0.0513563482238692,2,0.15767820783464373,0.39650726779579293,0.32733461211120607,True
91,2,Test,0.14380227463107587,0.002071243477413496,0.841550290843567,0.012576205710255983,2,0.06372486210173824,0.17250950380540264,0.15844970915643297,True
92,2,Test,0.999416070201416,0.0003586769140473176,0.00015252921306003981,7.274467042368005e-05,0,0.0003198941041685998,8.788154419212841,0.9998474707869399,False
93,2,Test,0.9635194778442383,0.03611906226648716,0.000259751520216598,0.00010172261468424434,0,0.025073509461040644,8.255785075387635,0.9997402484797834,False
94,2,Test,0.5136165626716919,0.0019809578845752184,0.48276618946079297,0.001636305610038607,0,0.17433915107238443,0.7282228223253312,0.517233810539207,False
95,2,Test,0.5022785940910053,0.0018637803353531597,0.4950698825581436,0.0007877328162728719,0,0.16222773541006852,0.7030563494928268,0.5049301174418563,False
96,2,Test,0.9989648633666992,0.0002653969818750128,0.0003466181616357968,0.00042313668920487493,0,0.0007306601823781658,7.967286782644731,0.9996533818383642,False
97,2,Test,0.42253683724658203,0.018881060085937644,0.4982855586171239,0.06029655447680786,2,0.17062375366249968,0.6965819554169238,0.501714441382876,True
98,2,Test,0.18745999296516777,0.0018785665235492605,0.809698880644104,0.0009625917740344513,2,0.08729839839720711,0.21109285272389539,0.190301119355896,True
99,2,Test,0.973576486350769,0.00392655874101467,0.021218694164891923,0.0012782419192276793,0,0.0164076636889905,3.8528726856308393,0.978781305835108,False
100,2,Test,0.5773210880675059,0.03413779617434211,0.021659165524774187,0.36688196272235113,0,0.1873317087752413,3.832326564246816,0.9783408344752258,False
101,2,Test,0.9824452039416809,0.00936443135149625,0.006897760056895781,0.001292569298696381,0,0.012056086662936595,4.976558549517859,0.9931022399431042,False
102,2,Test,0.5022785940910053,0.0018637803353531597,0.4950698825581436,0.0007877328162728719,0,0.16222773541006852,0.7030563494928268,0.5049301174418563,False
103,2,Test,0.5136165626716919,0.0019809578845752184,0.48276618946079297,0.001636305610038607,0,0.17433915107238443,0.7282228223253312,0.517233810539207,False
104,2,Test,0.9856528519467164,0.006897756060015708,0.0008892592564713872,0.006560105915411431,0,0.009926958737804328,7.025121737888354,0.9991107407435286,False
105,2,Test,0.4973932468952942,0.05871590126183403,0.01363468155810621,0.430256161040543,0,0.20896701194786332,4.29513861769833,0.9863653184418938,False
106,2,Test,0.9885411979657593,0.005299663915362884,0.006077962842631101,8.118699365464781e-05,0,0.0050786811337125174,5.103085697926574,0.9939220371573689,False
107,2,Test,0.31805224599521603,0.008842645888938998,0.12367075877716274,0.5494343275390291,3,0.2267239522040766,2.090132415747982,0.8763292412228373,False
108,2,Test,0.06697341054511984,0.0038311156646956197,0.21591315296951544,0.7132822929341888,3,0.17112178150873797,1.5328790217351973,0.7840868470304846,False
109,2,Test,0.9997840903952027,2.3460678069399643e-05,0.00012822430828697356,6.421001940569202e-05,0,0.00010007452054109167,8.961729419228947,0.999871775691713,False
110,2,Test,0.9960480362886047,0.001344327598614121,0.002031576883522966,0.0005760625455473995,0,0.0034042176661128326,6.198942997560787,0.997968423116477,False
111,2,Test,0.0028086130571518984,0.003057826951350571,0.0058037739761382335,0.988329778885498,3,0.0052569556851749695,5.149246887492739,0.9941962260238618,False
112,2,Test,0.9645466753807067,0.0002222959166581955,0.03493256813336162,0.00029843510844577444,0,0.02263717361228763,3.3543357005825567,0.9650674318666383,False
113,2,Test,0.9991020793938905,0.00017197765033936195,0.00024161458242095646,0.000484337364083882,0,0.0007600961871966686,8.328166736022432,0.999758385417579,False
114,2,Test,0.03207410730436319,0.023502608307805817,0.0065072484629317045,0.9379160167915039,3,0.03941162705205482,5.034838575253034,0.9934927515370683,False
115,2,Test,0.9990686655044556,4.435625345416342e-06,0.0008970346246384018,2.9878258797011925e-05,0,0.0009044914451032077,7.0164160961617155,0.9991029653753616,False
116,2,Test,0.07068020139141509,0.8794666650773315,0.004445653014674666,0.04540744497693531,1,0.06221233696043149,5.41582851086842,0.9955543469853253,False
117,2,Test,0.8406821887105561,0.1558210200061121,0.000528732901140662,0.0029680624475112044,0,0.14927022417958424,7.545027166394931,0.9994712670988594,False
118,2,Test,0.9493148211088867,0.049541344805740684,0.0005999290145191515,0.0005438864805160431,0,0.04398744749038316,7.418699218881953,0.9994000709854809,False
119,2,Test,0.8814673656425172,0.11426491817512341,0.003684114410357993,0.0005836144254444313,0,0.08518940140374946,5.603725105056649,0.996315885589642,False
120,2,Test,0.34478260015087125,0.0034396030343193744,0.6501220389694213,0.0016557723339160634,2,0.12051458660920421,0.43059518145505593,0.34987796103057867,True
121,2,Test,0.9994089722633361,0.00025888801500774237,0.00015059943681858308,0.00018154185148623044,0,0.00029367306991898314,8.800886982189915,0.9998494005631814,False
122,2,Test,0.9997464537620544,0.00018512938737894662,6.374761674799003e-06,6.205937678804724e-05,0,0.00024040954082057552,11.96316385196385,0.9999936252383252,False
123,2,Test,0.8488535399162597,0.003123237608806018,0.001512255706648269,0.14651097110181205,0,0.14883954783466613,6.494152897370041,0.9984877442933517,False
124,2,Test,0.779929923124939,0.10066869229440614,0.008148666703154115,0.11125266948251063,0,0.12086706585556341,4.809900959817456,0.9918513332968459,False
125,2,Test,0.8772970778771972,0.0065996826068258855,0.1158220165014161,0.00028117545503154764,0,0.07513826780769152,2.1557006066866347,0.8841779834985839,False
126,2,Test,0.9997949966777651,9.947731809835129e-06,0.000162805773688034,3.220681320045649e-05,0,0.00018201388026739464,8.722952640110485,0.999837194226312,False
127,2,Test,0.9565219870402831,0.003991079865566463,0.038311794455190396,0.0011751324180625437,0,0.03094988038568096,3.261997480980485,0.9616882055448096,False
128,2,Test,0.9986086845397949,0.00014475592707038315,0.001199081022100673,4.744659816506298e-05,0,0.001195061905492639,6.726199830490327,0.9988009189778994,False
129,2,Test,0.9994757294654846,8.343499598582687e-05,0.0003735070505272462,6.736205761669905e-05,0,0.00027769026335621507,7.892573676655925,0.9996264929494727,False
130,2,Test,0.9618583110469056,0.00014207921232230013,0.03785834937539302,0.00014123158786770424,0,0.03492673308544272,3.2739037322656745,0.962141650624607,False
131,2,Test,0.9594350509544374,0.0013166744858746852,0.03810797322683378,0.0011403095913946487,0,0.03803837824134725,3.2673317476981065,0.9618920267731662,False
132,2,Test,0.4963619260872698,0.5015752981403138,0.001606243219553401,0.0004565267964289953,1,0.16695683452787832,6.433857230619365,0.9983937567804466,False
133,2,Test,0.7366849295254516,0.007235315223197628,0.20691011017291716,0.04916961984721883,0,0.1289406733590328,1.5754708304031466,0.7930898898270828,False
134,2,Test,0.4994530870753365,0.4889609946946907,0.008387723613508516,0.0031982198026281614,0,0.1863711304053466,4.7809861167108325,0.9916122763864915,False
135,2,Test,0.7304079361513252,0.20712364626140345,0.05671239009451651,0.005755987635200408,0,0.19217745776318207,2.8697625719350124,0.9432876099054834,False
136,2,Test,0.9786045669533081,0.0007520153570084206,0.004172063715767513,0.016471338533173722,0,0.01804434355186943,5.479344469724489,0.9958279362842325,False
137,2,Test,0.5035371337493058,0.0018823752216478632,0.494044459530304,0.000535995594153449,0,0.1489876702268992,0.7051297667946876,0.505955540469696,False
138,2,Test,0.6128251986333371,0.01699014573698927,0.004151427895880247,0.3660332370128162,0,0.2359157430855547,5.48430293262204,0.9958485721041197,False
139,2,Test,0.024544183694306738,3.067471512798845e-05,0.9753418670420837,8.328382309468905e-05,2,0.010077586783576424,0.024967236577951277,0.0246581329579163,True
140,2,Test,0.09668363691407919,0.13042662845227573,0.011442215436204339,0.7614474891560059,3,0.12590316038412436,4.470445654768715,0.9885577845637956,False
141,2,Test,0.40916630355206296,0.1751608088607662,0.4109121879744177,0.004760732906699691,2,0.18035455481531049,0.8893757418767508,0.5890878120255822,True
142,2,Test,0.9999946117401123,3.6102487908587245e-06,6.385598839776225e-07,1.1491306864309016e-06,0,4.584524154932626e-06,14.26405037733978,0.999999361440116,False
143,2,Test,0.9628086812039796,0.0002375619933507872,0.03660211543146417,0.00035160951266174033,0,0.02940177465896057,3.307649241571211,0.9633978845685358,False
144,2,Test,0.8331150603581238,0.06125485368440854,0.05806380306413104,0.04756627931004152,0,0.09408025285907415,2.8462128202206216,0.9419361969358689,False
145,2,Test,0.01334423516649184,0.0003661889707061664,0.9791378438348388,0.007151705449977674,2,0.0068613126040303965,0.02108284571465122,0.020862156165161183,True
146,2,Test,0.9071292516751404,0.0030139571089336384,0.08953019228731582,0.00032659820229303133,0,0.06454281578492681,2.4131793665966628,0.9104698077126842,False
147,2,Test,0.762296870461843,0.2374563394583693,0.00020978517134113248,3.700216319515682e-05,0,0.19049674912806655,8.46942654447556,0.9997902148286588,False
148,2,Test,0.7087160626176834,0.0006794848046717409,0.29050983726519297,9.460803947086486e-05,0,0.1450385281466875,1.236117840044264,0.709490162734807,False
149,2,Test,0.8508482318673707,0.0005271840921707229,0.14728992032717095,0.0013346754072356961,0,0.10987787951489346,1.9153523874057352,0.8527100796728291,False
150,2,Test,0.5054655559770508,0.09163604372204971,0.3138312791008942,0.08906713676444385,0,0.18750740613676492,1.1588997651903066,0.6861687208991059,False
151,2,Test,0.9997413285439147,1.5541150826864208e-05,0.00024053618298165792,2.5708873797436008e-06,0,0.0001865364660701873,8.332640030746589,0.9997594638170183,False
152,2,Test,0.9999857425689698,3.301808366346401e-06,4.809715597229601e-06,6.176628685689577e-06,0,8.41088207451199e-06,12.24487260298979,0.9999951902844028,False
153,2,Test,0.9437461980791015,0.0018319770478243968,0.05417678802063812,0.0002450379366965245,0,0.03772471690688859,2.915502727570192,0.9458232119793619,False
154,2,Test,0.1478955493008213,0.029764844960324287,0.2880162932738483,0.5343233384596252,3,0.1380406796912988,1.244738226578903,0.7119837067261516,False
155,2,Test,0.06372053229613399,7.128162723589119e-06,0.9362636217710572,8.738181537085166e-06,2,0.02120801373406654,0.06585819496836914,0.06373637822894285,True
156,2,Test,0.5668214045236111,0.3785400152273052,0.006182507795876667,0.04845611312651232,0,0.1838003988938269,5.086031297610878,0.9938174922041233,False
157,2,Test,0.13252380260056615,0.011851759977941516,0.8363123421784973,0.019312068589707087,2,0.06529648749454346,0.1787531206281082,0.16368765782150274,True
158,2,Test,0.743900692201416,0.008545654248287144,0.2473125955140505,0.00024108462595000935,0,0.13910160439993927,1.3971021736286313,0.7526874044859495,False
159,2,Test,0.22528171097301558,0.01269118660785202,0.7597100708402251,0.0023170408317584102,2,0.13411840178901188,0.2748184042225011,0.24028992915977487,True
160,2,Test,0.9822618367903747,0.002992425459866994,0.014147707237999605,0.0005980440473813506,0,0.014869754555773489,4.258202700671803,0.9858522927620004,False
161,2,Test,0.048079915917258055,0.015606654187472016,0.2084936822851267,0.7278197765952148,3,0.16608411131652628,1.5678465389931182,0.7915063177148733,False
162,2,Test,0.948099767862091,7.09603988967763e-05,0.05178335931268487,4.591456258338761e-05,0,0.030889912702339845,2.960686430118013,0.9482166406873151,False
163,2,Test,0.9999568023953248,3.480506863790401e-06,3.566860272470093e-05,4.04731768827833e-06,0,2.022426956293044e-05,10.24123973164273,0.9999643313972753,False
164,2,Test,0.8956886377714539,0.001652219861531382,0.07535038478653663,0.027308818031477437,0,0.05894703533032723,2.585606247266578,0.9246496152134633,False
165,2,Test,0.22744198451830103,0.0039039874689149575,0.7596793174050903,0.008974685466189606,2,0.14171773168692542,0.2748588855308174,0.24032068259490968,True
166,2,Test,0.9951283604516601,0.0004327057791680846,0.001629119053582724,0.0028097752940184797,0,0.0026163610542760244,6.419715868188202,0.9983708809464172,False
167,2,Test,0.9244519940328371,0.00025971856459328064,0.07177997015047438,0.003508324478023939,0,0.02958815495314349,2.6341498091101516,0.9282200298495256,False
168,2,Test,0.9444576980131532,0.0009382113961585722,0.054238167913370515,0.0003659313944127642,0,0.02248421259106081,2.914370413328827,0.9457618320866295,False
169,2,Test,0.4711299652342224,0.0007409014620659638,0.5278567053812623,0.00027245699436243296,2,0.13857947028409437,0.6389304234325319,0.4721432946187377,True
170,2,Test,0.11612605405715848,0.0032492784812849693,0.8683657879017334,0.012258864208330954,2,0.06047033217165388,0.1411422384586616,0.13163421209826665,True
171,2,Test,0.9417999463166808,0.008338935282421637,0.047216366512303355,0.002644729720834969,0,0.039488276377452156,3.0530146983518507,0.9527836334876967,False
172,2,Test,0.6382940134323654,0.0012220078534416372,0.35960585105928045,0.0008781672829489913,0,0.17091765236477374,1.0227467054956851,0.6403941489407196,False
173,2,Test,0.6589349060890275,0.107543563747757,0.04863638049692749,0.1848851291431332,0,0.20185047736969952,3.0233834582187624,0.9513636195030725,False
174,2,Test,0.3721716085170412,0.6200848042595626,0.002578834586511424,0.005164752728296076,1,0.18313600992924808,5.9604176927550885,0.9974211654134886,False
175,2,Test,0.7699132143737335,0.008170076564745374,0.21366945178863422,0.00824724553817717,0,0.14567120911895082,1.5433250759223263,0.7863305482113658,False
176,2,Test,0.8319244964974214,0.025089348416943803,0.11434092830969136,0.028645259171599158,0,0.10735527347395273,2.1685706943259255,0.8856590716903087,False
177,2,Test,0.6076339585292626,0.0008416974382478102,0.3912816061458092,0.000242779356815026,0,0.1660635703388848,0.9383277579092015,0.6087183938541908,False
178,2,Test,0.0474600207845654,0.0013015515903691877,0.9504910222763062,0.0007474097288442854,2,0.02471238529460554,0.0507765623625354,0.04950897772369378,True
179,2,Test,0.998848044872284,5.682388016394476e-05,0.0010730965254236943,2.2010156839035595e-05,0,0.0007370577249442759,6.837206860923216,0.9989269034745764,False
180,2,Test,0.9984463329339295,0.00027565954406959557,0.0005086853186447179,0.0007693184747054086,0,0.0011897167721553882,7.583680967089244,0.9994913146813553,False
181,2,Test,0.7727799164781952,0.0012147455353338687,0.2257654271002314,0.00023989718074588574,0,0.10762867021932632,1.48825875192033,0.7742345728997686,False
182,2,Test,0.8736306514926147,0.0003137699035957417,0.12553475761029717,0.0005207816778704925,0,0.06069181758921178,2.0751726056846236,0.8744652423897028,False
183,2,Test,0.8520811346966554,0.0018829388700705538,0.1427412449844956,0.0032946972890221457,0,0.09186473242007501,1.9467217634337075,0.8572587550155044,False
184,2,Test,0.9947274692393494,0.00013431527988653865,0.004717429740117693,0.0004207895929719512,0,0.003327222999857414,5.356491174289246,0.9952825702598823,False
185,2,Test,0.20459604181306687,0.0007627401161480932,0.7938721067888641,0.0007691016738245007,2,0.11056266808291279,0.2308329052821226,0.2061278932111359,True
186,2,Test,0.9999743237887573,1.2700825612042675e-07,2.5333368873150174e-05,2.3102938897048104e-07,0,2.115014298600792e-05,10.58338810345953,0.9999746666311269,False
187,2,Test,0.0007175406979360655,0.0021135199170459083,0.006969907249807647,0.9901990542100524,3,0.004687760380411325,4.96615336135597,0.9930300927501924,False
188,2,Test,0.014332842508133613,0.006722617953985,0.42435586635553363,0.5545886668362808,3,0.13611999823969578,0.8571828683294186,0.5756441336444664,False
189,2,Test,0.056290692491752434,0.0001927114339203501,0.9424476260186768,0.0010689431536041135,2,0.023034526048660804,0.05927493041495,0.05755237398132318,True
190,2,Test,0.24674069629573872,0.08315604471679562,0.6575003743275909,0.012602893693856,2,0.19805714528782134,0.4193099456108496,0.3424996256724091,True
191,2,Test,0.2230387210300689,0.02469262534273684,0.7480282057582093,0.004240422540009821,2,0.08500049278257643,0.29031459348569727,0.2519717942417907,True
192,1,Test,0.26147378394320747,0.7368242419267272,0.0015927909226582059,0.00010919189673544666,1,0.15984503577065864,0.3054058929444921,0.26317575807327276,True
193,1,Test,0.9677315487966919,0.03224442409928705,2.359367800060024e-05,4.6159255263824106e-07,0,0.021328398702505948,3.434410146834755,0.9677555759007129,False
194,1,Test,0.1765590305588983,0.8227281683438111,0.0006798146874151584,3.2999118447250055e-05,1,0.13455163634855763,0.19512942649244075,0.17727183165618887,True
195,1,Test,0.18162884694524006,0.8176300469557038,0.0005233895022363061,0.00021773703164488186,1,0.16405372591064868,0.20134531001752864,0.18236995304429615,True
196,1,Test,0.052883977341077804,0.9454723562825013,0.001502217900754762,0.0001414541560777935,1,0.03401974098429983,0.05607062845276105,0.05452764371749874,True
197,1,Test,0.26850099827522445,0.7304352735938263,0.0009764444914136371,8.726123324524909e-05,1,0.14209281186046824,0.31411465733813826,0.2695647264061737,True
198,1,Test,0.5703413738297082,0.4288511060562363,0.0007809573074774414,2.6576211072930135e-05,0,0.186257502923172,0.8466454924275768,0.5711488939437637,False
199,1,Test,0.03623203210477392,0.956497442657013,0.0013010255401483977,0.005969572586842187,1,0.029499001368879788,0.044477163752018455,0.043502557342987025,True
200,1,Test,0.3070136785685577,0.6719797901267242,0.02092288521701188,8.366889707321631e-05,1,0.15441178976953623,0.3975270131274101,0.32802020987327585,True
201,1,Test,0.3696714649418237,0.6301659045327911,0.0001515925707416521,1.0997526141737464e-05,1,0.2145227780456572,0.46177215373634956,0.3698340954672089,True
202,1,Test,0.6368964954690676,0.3626618240836916,0.0004201700777001738,2.1494448034793034e-05,0,0.19267529540328104,1.0142844930339163,0.6373381759163084,False
203,1,Test,0.21958822907822007,0.7784986142141113,0.0018651372328971397,4.799566486587298e-05,1,0.14407787957971244,0.25038806778145867,0.22150138578588874,True
204,1,Test,0.21135068345425928,0.7816514363651276,0.0025873537097225534,0.004410524303729603,1,0.12332992339269024,0.24634637135398338,0.21834856363487243,True
205,1,Test,0.35745822717036296,0.6419162101420469,0.0005595748723367388,6.599385672510715e-05,1,0.17726060405365904,0.4432974976072774,0.3580837898579531,True
206,1,Test,0.24437414476796548,0.7548479861881828,0.0006920721038772946,8.581052873557973e-05,1,0.17648846660045403,0.28123889280240333,0.24515201381181717,True
207,1,Test,0.529938028106842,0.4649274300390015,0.0031446309761436883,0.0019899011661390345,0,0.1488378463724776,0.7658739500063563,0.5350725699609985,False
208,1,Test,0.4990062209985526,0.5003448325872724,0.0006072640386893772,4.16547698135361e-05,1,0.21072528547246078,0.6924577530951399,0.49965516741272764,True
209,1,Test,0.34642221878310436,0.6533499893077851,0.00022128893895209878,6.4994368530632206e-06,1,0.2079564570374329,0.42564232191219964,0.3466500106922149,True
210,1,Test,0.3445119489925098,0.655224899706428,0.00021956398722610708,4.3570909649284e-05,1,0.16734705483596804,0.42277674395044224,0.34477510029357195,True
211,1,Test,0.18382871470177645,0.8151628013694763,0.0009239879458875545,8.450542566650399e-05,1,0.1370188019096961,0.20436742940833785,0.18483719863052372,True
212,1,Test,0.06582624908681345,0.9340167125924683,0.00014312660984000888,1.3893461867301599e-05,1,0.03289234737350681,0.06826094734542917,0.06598328740753168,True
213,1,Test,0.15742044072670902,0.8417905910517884,0.0007448909556197275,4.406821506489879e-05,1,0.10934627075666946,0.17222399988586007,0.15820940894821156,True
214,1,Test,0.1587300254871752,0.8410377659792327,0.00022296238956100964,9.24645214782839e-06,1,0.1101920130291288,0.17311871397791925,0.15896223402076726,True
215,1,Test,0.5529373878249073,0.446032469988327,0.0009031179375828084,0.00012704569576787848,0,0.20798900687042976,0.807363526947648,0.553967530011673,False
216,1,Test,0.18577589469136607,0.8138548509424591,0.00035472625861672003,1.4544288939919252e-05,1,0.12456223061713902,0.20597324467525316,0.18614514905754087,True
217,1,Test,0.9172315166894531,0.08248928847459942,0.0001238632215608256,0.00015534125294768198,0,0.04217699247668807,2.495086830742534,0.9175107115254005,False
218,1,Test,0.836699455148468,0.1630980313907508,9.401649466161447e-05,0.00010848056349371004,0,0.11764940593309654,1.8134038393804897,0.8369019686092491,False
219,1,Test,0.06995326541216525,0.9291513546388245,0.0008650402398666657,3.0324920156860205e-05,1,0.06952264398962438,0.0734836313301338,0.07084864536117552,True
220,1,Test,0.13888567964535722,0.859621333334076,0.0011862094480814115,0.0003067362870829855,1,0.07954005998757158,0.1512632967761854,0.14037866666592402,True
221,1,Test,0.8441175591955566,0.15524512630133105,0.00035841335879657104,0.00027896090541694284,0,0.07598571716345988,1.8627499512453254,0.844754873698669,False
222,1,Test,0.49405187279046636,0.5054003826217022,0.0004689234631578388,7.884799263400127e-05,1,0.1546926262259333,0.6824043269612499,0.49459961737829783,True
223,1,Test,0.0832921733264885,0.9135033718191223,0.002007390219611317,0.0011970702562208394,1,0.035502340387355835,0.0904682120716843,0.08649662818087767,True
224,1,Test,0.43470843181160257,0.563006662123137,0.0011558034341940166,0.0011291004444719537,1,0.22013341497021802,0.5744638176564432,0.436993337876863,True
225,1,Test,0.3983744009445954,0.5993633359551392,0.001739589758813344,0.0005226756317010116,1,0.19761920157647064,0.511887293879751,0.40063666404486076,True
226,1,Test,0.5546263662166442,0.44322559547103973,0.001475004860390944,0.0006730789548701311,0,0.14310192255985282,0.8136763937025386,0.5567744045289602,False
227,1,Test,0.25433612855486804,0.7439576495721985,0.0006162423636900055,0.0010900429721006296,1,0.18950896069365955,0.29577116838721174,0.25604235042780155,True
228,1,Test,0.606281280588975,0.3936294307893221,8.005601675798115e-05,9.230164686958638e-06,0,0.23344255261216007,0.9323453432525711,0.6063705692106779,False
229,1,Test,0.5564412905566412,0.44347380555001104,8.188809958076701e-05,2.9526080292938668e-06,0,0.21283519655668104,0.8131165419981874,0.556526194449989,False
230,1,Test,0.5808570839617557,0.41862236959010424,0.0004580719117044732,6.248483274415593e-05,0,0.1815030908576266,0.870786031339037,0.5813776304098958,False
231,1,Test,0.1491977487893525,0.8467245730601501,0.003148302619647901,0.0009293558285369587,1,0.12698246617025155,0.16637981659825485,0.15327542693984986,True
232,1,Test,0.2583983052044146,0.737029722483923,0.003203599050357486,0.0013683243452709186,1,0.17801100091303498,0.30512705859117245,0.26297027751607704,True
233,1,Test,0.9287554021829223,0.07070219045413513,9.682495258984257e-05,0.0004455895442607509,0,0.061170413916299814,2.649278724181405,0.9292978095458648,False
234,1,Test,0.9952055215835571,0.0046267535366034075,3.337299956926499e-05,0.0001343961385540834,0,0.0039839644887012995,5.375899836824927,0.9953732464633966,False
235,1,Test,0.5622720866561967,0.43582324994062516,0.0015527594918758412,0.00035188926948761026,0,0.17420783124919687,0.8305185078702987,0.5641767500593748,False
236,1,Test,0.7029200099888344,0.29641647400488397,0.00043973162644090155,0.00022380724241654256,0,0.1720199169368143,1.21598980679136,0.703583525995116,False
237,1,Test,0.0871637413463765,0.9122451668132019,0.0005706605219770885,2.041361885675896e-05,1,0.08457802732375361,0.09184650177421418,0.08775483318679811,True
238,1,Test,0.24575543700478875,0.7521374164011383,0.0016400607476033274,0.0004670710226673888,1,0.1267914043068621,0.2848362371502444,0.2478625835988617,True
239,1,Test,0.8569350185932922,0.14248561712372207,0.00031000481896982675,0.00026934072043605263,0,0.06896563937466116,1.9485142168325642,0.8575143828762779,False
240,1,Test,0.6029289233273148,0.3965677921293249,0.0004184621837347363,8.485888123740232e-05,0,0.17997500108542297,0.9249082761555082,0.6034322078706751,False
241,1,Test,0.36403051089196625,0.6006363015486755,0.027156136290722062,0.008177066567370925,1,0.16560417832473173,0.5097656831204728,0.39936369845132447,True
242,1,Test,0.3015408936988003,0.6966522568603211,0.0014757169567089037,0.0003311375313337063,1,0.14913035710207462,0.36146890683785904,0.30334774313967894,True
243,1,Test,0.9791349695843505,0.020857885221943352,6.676198921028692e-06,4.838565258083277e-07,0,0.015629511408311262,3.870023214129623,0.9791421147780567,False
244,1,Test,0.9988798410409545,0.00111168620660511,6.506531638637175e-06,1.9370831137303157e-06,0,0.0006326055653347379,6.801877311281115,0.9988883137933949,False
245,1,Test,0.9984232940945436,0.0015678984729238185,2.825462463784514e-06,6.016219043538147e-06,0,0.0015408614253269884,6.458019108561085,0.9984321015270762,False
246,1,Test,0.18006623168655228,0.8162252484149171,0.003172535521665504,0.0005360040552353197,1,0.09004945657215897,0.20306492238582188,0.18377475158508294,True
247,1,Test,0.9978093147277832,0.002185053935024677,5.378585461881076e-06,2.8317662988360955e-07,0,0.001953179922883289,6.126114766517413,0.9978149460649753,False
248,1,Test,0.0008752491786472513,0.9989929205213623,7.371707312741424e-05,5.810161226371179e-05,1,0.000284025772746221,0.0010075869238962095,0.0010070794786376513,True
249,1,Test,0.0009863381768570225,0.9989213689514159,4.534329758335768e-05,4.692590893809267e-05,1,0.0007896615636473467,0.001079213189701534,0.0010786310485840778,True
250,1,Test,0.1963651675783426,0.8035288350733385,9.330755600574351e-05,1.2631814497068356e-05,1,0.19557739335886182,0.2187422076117246,0.1964711649266615,True
251,1,Test,0.04717376758998985,0.9446397298720705,0.0032065978245410715,0.00497990436227163,1,0.02790939054319905,0.056951662408777144,0.055360270127929545,True
252,1,Test,0.24271767969231606,0.44584216320876885,0.06513207229089832,0.2463080849058361,1,0.16371319929595216,0.8077902837481283,0.5541578367912312,True
253,1,Test,0.137789429798962,0.8610246978895569,0.0011251097186840515,6.075916501004294e-05,1,0.11081291235548353,0.14963208984437987,0.13897530211044307,True
254,1,Test,0.008342699681989418,0.9910204452676392,0.00031481890353735737,0.00032200045111841,1,0.004005553640428945,0.009020113918809497,0.008979554732360784,True
255,1,Test,0.23833023562475333,0.7561355828477173,0.0023654436961870187,0.003168704010700606,1,0.16118875203735064,0.2795345764913677,0.2438644171522827,True
256,1,Test,0.1770295569532611,0.8212346604986955,0.0010883324336612692,0.0006474174538571614,1,0.1670750630081431,0.1969463875937444,0.17876533950130447,True
257,1,Test,0.17747249946953775,0.8205860582751464,0.0016909291706485648,0.0002504972772559551,1,0.07485019811235621,0.1977364887903901,0.1794139417248536,True
258,1,Test,0.4069079290444618,0.5911098892300248,0.0015404392488127092,0.0004417392205029201,1,0.18446779268148814,0.5257533410768661,0.40889011076997517,True
259,1,Test,0.22645912300985352,0.7729026892167712,9.30449063955374e-05,0.0005451955113266748,1,0.19285246725650065,0.2576021254902293,0.2270973107832288,True
260,1,Test,0.20521243312440157,0.794188257487175,0.0005746803260268732,2.4662094738578323e-05,1,0.1726501186077513,0.23043474572899794,0.20581174251282497,True
261,1,Test,0.07002271207796067,0.9293527077929689,0.000601054974556312,2.3517720399441495e-05,1,0.05856280616922965,0.0732669482902606,0.07064729220703114,True
262,1,Test,0.15844288343473886,0.840968279246788,0.0005367790037357473,5.204885357329339e-05,1,0.15606589486543287,0.17320133761970882,0.15903172075321204,True
263,1,Test,0.26387366174329685,0.6586564057275657,0.03023913035994913,0.047230810429566006,1,0.17451731153205935,0.41755326781261487,0.3413435942724343,True
264,1,Test,0.6879343380403137,0.3115873908650067,0.00033806218595535347,0.000140252526130434,0,0.17355711490430656,1.1660754315777113,0.6884126091349934,False
265,1,Test,0.1692629701831267,0.8290639997879028,0.0010580168972045612,0.0006150481190853464,1,0.13363010317420865,0.18745792563502062,0.1709360002120972,True
266,1,Test,0.47972885835621265,0.5198274037870869,0.0003792935050989777,6.448848379416228e-05,1,0.20846805404647775,0.6542584382969667,0.4801725962129131,True
267,1,Test,0.4655914408383529,0.5339750704855557,0.000255122100338205,0.00017836396633748666,1,0.21130501086958606,0.6274061255956748,0.4660249295144443,True
268,1,Test,0.1996631739424815,0.798994309179535,0.0010023690555236299,0.0003401056214748658,1,0.11633032705567144,0.22440145566984407,0.20100569082046504,True
269,1,Test,0.01850608038652106,0.981289313012085,0.0001988017890280443,5.824083443873805e-06,1,0.01612284306987362,0.01888794647193056,0.018710686987915004,True
270,1,Test,0.21515788223815563,0.7824129016018372,0.0017429612391214274,0.0006862684972366557,1,0.15069934803990476,0.24537267062008508,0.21758709839816281,True
271,1,Test,0.15816350855765698,0.8415442349351501,0.00023849243467967204,5.377125779987005e-05,1,0.15088160770652845,0.17251669996500538,0.15845576506484993,True
272,1,Test,0.12709637971443227,0.8726751140200195,0.00015368449261248795,7.48906153135057e-05,1,0.12460363513490498,0.13619194129598414,0.12732488597998048,True
273,1,Test,0.7482528885378075,0.25091941388500266,0.0006251865378728487,0.00020250149086684612,0,0.17204947725666925,1.3826234516203324,0.7490805861149974,False
274,1,Test,0.2559957662246465,0.7432861446298218,0.0005236820784457789,0.00019442727203511714,1,0.1458461568595233,0.2966741877719632,0.2567138553701782,True
275,1,Test,0.7377908204541016,0.26208302985936066,0.00010898589156785508,1.7168600726431394e-05,0,0.17852895742361918,1.3390939175655743,0.7379169701406394,False
276,1,Test,0.010308577261349865,0.989407453319702,0.00020038640378403842,8.356848637865686e-05,1,0.009213236543979113,0.01064904704558502,0.010592546680297965,True
277,1,Test,0.004570258795714489,0.9953575422549438,6.76209634168925e-05,4.632874968238591e-06,1,0.002407843101214813,0.004653267420630113,0.004642457745056228,True
278,1,Test,0.025962552244157507,0.9699397777877807,0.0015137114103621716,0.002583946085901681,1,0.014461547888851798,0.030521294166911937,0.030060222212219267,True
279,1,Test,0.6883950016622544,0.3102269592406359,0.0004433250290348858,0.0009346890207088232,0,0.18977224321110156,1.170451122794178,0.6897730407593641,False
280,1,Test,0.05357197800620343,0.9461480262693787,0.0002483289235365812,3.168883336971449e-05,1,0.03901217567525868,0.05535624619948767,0.05385197373062134,True
281,1,Test,0.03027521626795703,0.9691588417022705,0.0005226162547930983,4.329233534194907e-05,1,0.029169545314126754,0.03132675719997448,0.030841158297729487,True
282,1,Test,0.5881321074831235,0.41044125653651803,0.0007050907115259438,0.0007215514715292836,0,0.21841185850163988,0.8905224625550455,0.5895587434634819,False
283,1,Test,0.19867246858395232,0.8005254461275483,0.0006667031588541694,0.00013543363193878279,1,0.13418183563226097,0.22248695925852352,0.19947455387245172,True
284,1,Test,0.19112802337702087,0.8057898849424362,0.002314653842559454,0.0007674673095984646,1,0.14470034062603343,0.21593225911773026,0.1942101150575638,True
285,1,Test,0.09896096426357723,0.9002933773815919,0.0006319169442689631,0.00011373631286785953,1,0.08680136701166953,0.10503459390765514,0.09970662261840813,True
286,1,Test,0.3507849913095221,0.6488185239817371,0.00035459902524465574,4.190889136052024e-05,1,0.18520035597861717,0.4326022254452654,0.3511814760182629,True
287,1,Test,0.0007272116396884111,0.9991688082698058,5.6492706032210256e-05,4.746460570280547e-05,1,0.00040975720488854966,0.0008315373615776005,0.0008311917301941918,True
288,1,Test,0.5671933602726936,0.4319274365569374,0.0008214245354330929,5.77854466779028e-05,0,0.18640187448339465,0.8394976757797391,0.5680725634430626,False
289,1,Test,0.005880483180151474,0.9940477485680848,7.041492415340224e-05,1.4013900837159313e-06,1,0.0032188203096358446,0.005970036690474948,0.005952251431915245,True
290,1,Test,0.7554715054677581,0.24283588668223066,0.0014062885751312097,0.00028634635345219556,0,0.10941223639066666,1.4153694272498256,0.7571641133177693,False
291,1,Test,0.10018860017076406,0.8988452849639892,0.0007872584146724545,0.0001788701511303722,1,0.06903660188123058,0.10664435613512283,0.10115471503601081,True
292,1,Test,0.06761568095093204,0.9309095243464661,0.0013685567209350924,0.00010624784397411844,1,0.06731202666978127,0.07159318758056181,0.06909047565353388,True
293,1,Test,0.3653334483243055,0.6344962833599768,0.00013657278851091724,3.3727042789378734e-05,1,0.21952735630462877,0.45492384943353953,0.36550371664002324,True
294,1,Test,0.00032238360978095943,0.9995685697320862,3.4345891348110803e-05,7.469327699617656e-05,1,0.00019667405304145912,0.0004315233607281835,0.00043143026791381267,True
295,1,Test,0.0130938723043283,0.37999620520202637,0.011014583171307374,0.5958953497853088,3,0.09867788226998647,0.967594012622026,0.6200037947979736,False
296,1,Test,0.9417525525117189,0.05813863074282736,9.261921454854187e-05,1.6255924405781623e-05,0,0.057427654505070584,2.8449249351636983,0.9418613692571727,False
297,1,Test,0.6285448857957566,0.3713148784098149,0.00010232667437362322,3.790879732759799e-05,0,0.22380625055384995,0.9907048474739598,0.6286851215901851,False
298,1,Test,0.9493442393778991,0.04129166751355541,0.00912951120519983,0.00023458230597944363,0,0.028636263568401463,3.1870945544901756,0.9587083324864446,False
299,1,Test,3.609115475382667e-05,0.999962854385376,9.866275471838333e-07,8.03652609160925e-08,1,1.8396462487801235e-05,3.714630453940687e-05,3.714561462397903e-05,True
300,1,Test,0.5233421065642931,0.4761628427017122,0.0003825538114276955,0.00011246514116915413,0,0.22283701816467144,0.7419953767396061,0.5238371572982878,False
301,1,Test,0.17307480715232731,0.8260372737155915,0.0008693015434816398,1.862228135082307e-05,1,0.13105657228021322,0.19111538091561645,0.17396272628440845,True
302,1,Test,0.003759601473787359,0.9960140937775573,0.00015365687185465323,7.26730227168293e-05,1,0.001616803115366688,0.003993871118580852,0.003985906222442659,True
303,1,Test,0.5601871108208489,0.4338783561845611,0.002560287402201773,0.0033742138764178203,0,0.21951229887892554,0.8349910694580248,0.5661216438154388,False
304,1,Test,0.17257606793934616,0.8269720491801605,0.00043372060842527713,1.8180901577990716e-05,1,0.15585267105907732,0.1899843823770538,0.17302795081983946,True
305,1,Test,0.33936041774577347,0.6588318349808044,0.0015212817546950354,0.00028649222794901953,1,0.1574642964975373,0.4172869591673381,0.34116816501919556,True
306,1,Test,0.0039125746404401794,0.9959324633662415,0.00013873485858736706,1.6233420944570913e-05,1,0.003982116610384628,0.004075831561815391,0.004067536633758473,True
307,1,Test,0.6093263284889412,0.3903631307624912,0.0001299053388080215,0.00018063535381665458,0,0.1761462194484246,0.9406778685481619,0.6096368692375088,False
308,1,Test,0.05708568618435515,0.9425017826449584,0.00040686839160531015,5.665259901752705e-06,1,0.05587362220546748,0.05921746826127352,0.05749821735504157,True
309,1,Test,0.3415008432954826,0.6578621603418198,0.00046784541318216236,0.00016913565977551525,1,0.1975122733135101,0.41875985236459046,0.34213783965818023,True
310,1,Test,0.014702508905099582,0.9847935833174134,0.00044718640034091463,5.6716305398019e-05,1,0.014695149662817247,0.015323219854674927,0.015206416682586599,True
311,1,Test,0.49316857964825056,0.5058086255147323,0.0009936850200318223,2.9115331930836524e-05,1,0.16968425992267058,0.6815968916794737,0.49419137448526773,True
312,1,Test,0.3171991318529622,0.6816093633197784,0.001182899951464278,8.60576342102536e-06,1,0.1435960494405926,0.38329856629645337,0.3183906366802216,True
313,1,Test,0.35529494677542683,0.6427467529022369,0.0018524226946547446,0.00010587547143675541,1,0.1657004208117075,0.4420044847318443,0.35725324709776307,True
314,1,Test,0.11636535320025518,0.8829888008840179,0.0005932174760417779,5.2655121046310416e-05,1,0.11450255364789516,0.12444276148916468,0.11701119911598212,True
315,1,Test,0.015544113229395834,0.9835411783870238,0.0007999451189125149,0.00011476750875381583,1,0.01641634329914544,0.016595772800207617,0.016458821612976182,True
316,1,Test,0.21414070153048947,0.7845924328792572,0.0010134566601571425,0.0002533668568576639,1,0.13511970123448325,0.2425908898118771,0.21540756712074283,True
317,1,Test,0.004651641128352692,0.995311081678192,3.543400431862497e-05,1.8496265586682408e-06,1,0.002099499758138811,0.004699945784072008,0.0046889183218079555,True
318,1,Test,0.5338128202508812,0.46152937247100834,0.004108765157599145,0.0005490865199208269,0,0.14986498190546904,0.7732095814068729,0.5384706275289917,False
319,1,Test,0.9383292309483338,0.06148286629437365,0.00014077464077209977,4.712883885195946e-05,0,0.059223053857938295,2.7889967398244266,0.9385171337056264,False
320,1,Test,0.22120703525083876,0.7721745605480957,0.0034552243130675773,0.003163190128541123,1,0.12678840741952127,0.25854463981783077,0.22782543945190425,True
321,1,Test,0.01949836936351334,0.9790372792063904,0.0007601901443140011,0.0007041717283458658,1,0.0063541146188113825,0.0211855583141052,0.020962720793609613,True
322,1,Test,0.1905940009278469,0.552693473958786,0.014429877486898732,0.24228262954207996,1,0.18378369050945365,0.5929517277776993,0.447306526041214,True
323,1,Test,0.050225754685947366,0.949191391301056,0.0005588426261879112,2.402968194732339e-05,1,0.032330093755477574,0.05214482388742932,0.05080860869894399,True
324,1,Test,0.20305859466049475,0.7956608961321259,0.0011608932512707074,0.00011959956607814834,1,0.15556148570865094,0.22858219379000838,0.20433910386787413,True
325,1,Test,0.9612862221783143,0.0386616486426565,2.1996883796918578e-05,3.0105289380342213e-05,0,0.03774747755044693,3.2529071614486003,0.9613383513573435,False
326,1,Test,0.8713159609578705,0.12821423591631018,6.563785079778962e-05,0.0004042546395091439,0,0.10768577944020231,2.0540526960715586,0.8717857640836898,False
327,1,Test,0.868168548066101,0.07931218735174053,0.0351824127079821,0.01733687427249478,0,0.08031329765229143,2.534363475494931,0.9206878126482595,False
328,1,Test,0.7399246021629459,0.2595906481876469,0.0004423530682360449,4.2408775836473256e-05,0,0.1861706864947733,1.3486493187315616,0.7404093518123531,False
329,1,Test,0.6503126770749879,0.34952910868114345,0.00013410236710938755,2.4096873098566855e-05,0,0.2132769254529846,1.0511684341350858,0.6504708913188566,False
330,1,Test,0.8617694315972138,0.1379940476100247,0.00019512790429088958,4.138463240840874e-05,0,0.13401765765397058,1.9805447280158888,0.8620059523899752,False
331,1,Test,0.8773065766417695,0.12256747836274487,0.0001164222625186444,9.522418437964053e-06,0,0.10060537683657447,2.099093556878589,0.8774325216372552,False
332,1,Test,0.08538577203196526,0.9106870421378783,0.002745434435713412,0.0011817419528826435,1,0.05426264143567907,0.09355597297354236,0.08931295786212168,True
333,1,Test,0.1957412705106682,0.794570768174408,0.006561055773297906,0.0031268903049782235,1,0.08729194278737296,0.22995322438001364,0.20542923182559203,True
334,1,Test,0.9999752044677734,2.044903141163188e-05,4.20690742254935e-06,1.628973387788509e-07,0,1.6954148622751588e-05,10.797575040331543,0.9999795509685884,False
335,3,Test,0.0008919606030703625,0.0007092881639783389,0.0027845519537205493,0.9956141678974915,3,0.0014620056712451599,0.004395478078209751,0.004385832102508536,True
336,3,Test,0.022089057774655523,0.9039502456620788,0.003627735366239186,0.0703329629406293,1,0.04448928474262466,2.654514700435024,0.9296670370593707,False
337,3,Test,0.08043650937747221,0.8956157335212709,0.0031057083508820096,0.020842029015081552,1,0.0437165168552832,3.8707837052680882,0.9791579709849184,False
338,3,Test,0.600446071240623,0.21719487664559717,0.00214965951821162,0.18020940777058014,0,0.30432358321072467,1.71363572778675,0.8197905922294199,False
339,3,Test,0.714248625345314,0.15129177280440664,0.0028576862660610507,0.1316018933726803,0,0.19372943278209637,2.0279738728640195,0.8683981066273196,False
340,3,Test,0.0696210878734021,0.819673056618805,0.004767600851074933,0.1059382438328067,1,0.08682006112541706,2.244898960001394,0.8940617561671933,False
341,3,Test,0.24451259240612505,0.23440232157439805,0.04121678092795711,0.47986830973908423,3,0.21086801397751415,0.7342435674325801,0.5201316902609158,True
342,3,Test,0.18022885770145416,0.033599834262262054,0.008069299848037816,0.778102024692749,3,0.15462154325548666,0.25089762626425866,0.22189797530725097,True
343,3,Test,0.400060123355516,0.05388039762691212,0.026424224417420577,0.5196352654369965,3,0.18944423346436778,0.6546281261327447,0.48036473456300355,True
344,3,Test,0.023974191484462715,0.23639720573801756,0.07849551817239925,0.6611330785903625,3,0.18895891275389692,0.41380013021084666,0.3388669214096375,True
345,3,Test,0.02319199586851592,0.1886985016356239,0.006401112813682032,0.7817084092382812,3,0.085649067348491,0.2462734861851093,0.21829159076171878,True
346,3,Test,0.21737284218297495,0.763021379650467,0.004372375152458354,0.015233395194098071,1,0.10948701979951166,4.184265208876622,0.984766604805902,False
347,3,Test,0.00036896184226302507,0.0019156239731850625,0.0031806589260563586,0.9945347791268005,3,0.001686110379386603,0.005480209829712842,0.00546522087319945,True
348,3,Test,0.39205409942234065,0.38522731850606917,0.004816138722680924,0.21790247113000022,0,0.24463673269349184,1.5237076964350131,0.7820975288699998,False
349,3,Test,0.6274059909115259,0.02726782660264877,0.002963925678314738,0.3423622509842038,0,0.21787553696212814,1.0718858890861371,0.6576377490157962,False
350,3,Test,0.005521966800663565,0.8692229991429749,0.004568759330701032,0.12068628542513071,1,0.042735721686489286,2.1145607826441006,0.8793137145748693,False
351,3,Test,0.021439182835558908,0.22253689082860148,0.005942023984290267,0.7500818927342224,3,0.11224461338266312,0.2875728881003126,0.24991810726577757,True
352,3,Test,0.014954801540816664,0.03907369205944128,0.011223864182903623,0.934747647387024,3,0.046217123583474684,0.06747868196464285,0.06525235261297602,True
353,3,Test,0.002010450399516626,0.0016731026786702824,0.006631500100513142,0.9896849389995728,3,0.004407881365707442,0.010368629938464652,0.010315061000427228,True
354,3,Test,0.00038139449107679995,0.0015709310083219478,0.003676283985091972,0.9943714263358764,3,0.001731552366442844,0.0056444737762406496,0.005628573664123615,True
355,3,Test,0.13023901972346352,0.1171518579383171,0.05266848664438299,0.6999406461517944,3,0.0931864894714374,0.35675973874543265,0.3000593538482056,True
356,3,Test,0.0015160330433523698,0.002685316106086089,0.003980839997613611,0.9918178198167725,3,0.0031709687442548016,0.008215837941129763,0.008182180183227472,True
357,3,Test,0.05992590512413666,0.30716138748328115,0.006619512890689088,0.6262931883224097,3,0.22524401317951348,0.4679366655718504,0.37370681167759034,True
358,3,Test,0.003330994788849672,0.06548904057898963,0.00535795407067108,0.9258220188900758,3,0.07052122313985071,0.07707326703193679,0.07417798110992424,True
359,3,Test,0.04529455803293038,0.3659078358332968,0.007379347152426208,0.5814182433661136,3,0.18265379851691427,0.5422849130109626,0.4185817566338864,True
360,3,Test,0.26089212514390586,0.35763055341431327,0.007941156339711439,0.3735362108576522,3,0.2377292012116529,0.9847403290211988,0.6264637891423478,True
361,3,Test,0.14886991036182184,0.8366088912393952,0.004158797851470151,0.010362404097285357,1,0.11378409185802776,4.56957101334904,0.9896375959027146,False
362,3,Test,0.5023497127302627,0.23864901699765192,0.00547356774143506,0.25352771349517444,0,0.22719235129693804,1.3722821384739077,0.7464722865048256,False
363,3,Test,0.6227386892307282,0.28143950012689517,0.009280538490271068,0.08654129129052984,0,0.16626351069222403,2.447133622982532,0.9134587087094701,False
364,3,Test,0.14361441616413212,0.7161557069033814,0.010838466355790735,0.12939143248652213,1,0.16402616015427476,2.0449131086395713,0.8706085675134778,False
365,3,Test,0.2655256510439389,0.5448246935508423,0.006020612121528717,0.18362903555076598,1,0.18594568953213855,1.6948376675981203,0.8163709644492341,False
366,3,Test,0.1575689903446853,0.4122527380812454,0.019373115106806053,0.4108051475975493,1,0.18968553085936432,0.8896362703403479,0.5891948524024506,False
367,3,Test,0.6430765152731934,0.35140865678177796,0.001954472116273512,0.003560390458252205,0,0.17179916508995927,5.637885060848204,0.9964396095417478,False
368,3,Test,0.6736628176026916,0.3155921524823813,0.002639677974330697,0.00810537242845757,0,0.14841754046853844,4.815228174392745,0.9918946275715425,False
369,3,Test,0.03219653911536977,0.10238794968034078,0.013267871587577963,0.8521476273105163,3,0.06690778997740451,0.15999549567137603,0.1478523726894837,True
370,3,Test,0.007027379610476917,0.004527621445861059,0.006108670471613216,0.9823363443710328,3,0.006232064236883198,0.01782151972787123,0.017663655628967212,True
371,3,Test,0.12801651010313436,0.8689875009992981,0.001222175065022657,0.0017738312420068388,1,0.07150163038853095,6.334613528139011,0.9982261687579932,False
372,3,Test,0.6130932321453838,0.3770456241812525,0.0022502570203801033,0.007610894359953696,0,0.18733223641031302,4.878174589709949,0.9923891056400463,False
373,3,Test,0.043703199237331895,0.9037813895235901,0.002536327698021343,0.04997910903600496,1,0.06699518823098469,2.996150180144688,0.950020890963995,False
374,3,Test,0.16316251443541527,0.03707157073119673,0.016688953763741014,0.7830769667430115,3,0.12916678631090353,0.24452429057696615,0.21692303325698847,True
375,3,Test,0.003846636969741503,0.0027941947748740337,0.006307474181687497,0.9870516873020936,3,0.0028212803562191165,0.013032872832588338,0.012948312697906417,True
376,3,Test,0.05463755503297043,0.09688383357915697,0.007555515039448786,0.8409230950772401,3,0.08066015088370387,0.1732550678073399,0.15907690492275994,True
377,3,Test,0.009404547929807019,0.10256723556062367,0.01790969456512556,0.8701185409471129,3,0.05184683895104657,0.13912582265303686,0.12988145905288706,True
378,3,Test,0.057219440774960516,0.251633890229785,0.009367771866196297,0.6817789023672486,3,0.14483245126466499,0.38304986377698635,0.3182210976327514,True
379,3,Test,0.01040844153488946,0.011186388253958138,0.009743060354380226,0.9686621248780822,3,0.011062406260216115,0.03183941223223327,0.03133787512191777,True
380,3,Test,0.3216931414979887,0.3810131261326218,0.00810167734785475,0.2891920647503023,1,0.2031915463502471,1.240664227696718,0.7108079352496977,False
381,3,Test,0.007194998956052583,0.015660847823429396,0.05848823073815719,0.9186559198405456,3,0.07443650881910577,0.08484363387190212,0.08134408015945438,True
382,3,Test,0.0016416618207161283,0.002174648196618735,0.0035471483321122405,0.9926365026760864,3,0.0022018349184453395,0.007390741695295356,0.007363497323913615,True
383,3,Test,0.015682195991973766,0.0037513598973257893,0.010127896727278967,0.9704385596661377,3,0.015220875387593362,0.03000718629452929,0.02956144033386232,True
384,3,Test,0.0004487004093010628,0.0017557713527664152,0.004438290285871406,0.9933572287087402,3,0.0019226900732580883,0.006664932693077545,0.006642771291259786,True
385,3,Test,0.0005461829148744972,0.0006295579686636779,0.004570159206333613,0.9942541029284667,3,0.0013407319154411313,0.005762468246108677,0.005745897071533279,True
386,3,Test,0.11701658113651396,0.016397181818641925,0.036273381201419964,0.8303128485781098,3,0.0992847542961105,0.18595272321252931,0.16968715142189017,True
387,3,Test,0.016150146382324333,0.014977483151694898,0.006761583963208985,0.9621107700445556,3,0.019680640140037238,0.0386256893687125,0.037889229955444415,True
388,3,Test,0.027021367502761334,0.007639472391920125,0.010216906819716192,0.9551222223806762,3,0.030734698304474277,0.045915965139900435,0.044877777619323767,True
389,3,Test,0.00027800497219982237,0.0005697296551014525,0.003831637460971594,0.9953206363711548,3,0.0012477248565606269,0.004690346124952595,0.004679363628845246,True
390,3,Test,0.013310566801180724,0.009543199770745933,0.010898561725892066,0.9662477048155212,3,0.017178865460169647,0.034335054435956504,0.03375229518447875,True
391,3,Test,0.024754449440453092,0.01978569369444727,0.01475854902655498,0.9407013032182313,3,0.037861711040113245,0.061129614634476234,0.05929869678176869,True
392,3,Test,0.3589852775989294,0.5802324481057587,0.008749597784095037,0.05203270587612563,1,0.18651875548497882,2.95588279895636,0.9479672941238744,False
393,3,Test,0.015567252040452405,0.013632819173985747,0.01832331628414221,0.9524766122541809,3,0.03860568546399487,0.04868972634658906,0.0475233877458191,True
394,3,Test,0.006119868686625338,0.011648979941725136,0.007423539830135717,0.974807609068451,3,0.008070266860978866,0.025515151487596144,0.025192390931549014,True
395,3,Test,0.0007494348825052878,0.0021075747117592345,0.00424166697125662,0.9929013364448853,3,0.002535202831976174,0.007123978941998551,0.0070986635551146815,True
396,3,Test,0.3970513483981609,0.3588732447529773,0.007326404708932896,0.23674897788456764,0,0.25865353717079853,1.4407548642027024,0.7632510221154324,False
397,3,Test,0.001907591850232079,0.0008132430597736429,0.027159849599583417,0.9701193104249572,3,0.02491877342071619,0.030336214610541937,0.02988068957504275,True
398,3,Test,0.03204898209569767,0.29373632693244517,0.006275803828107227,0.6679389089217148,3,0.19560466659418307,0.4035585633376446,0.3320610910782852,True
399,3,Test,0.009449413983658552,0.26147134108525466,0.013002696260457983,0.7160765316364288,3,0.11992419828758759,0.33396822997320563,0.2839234683635712,True
400,3,Test,0.0012738532835067317,0.018907245918781228,0.004593957653479011,0.9752249503741455,3,0.019319957467201877,0.02508711626321437,0.02477504962585453,True
401,3,Test,0.006797296539785105,0.0032430548873663436,0.00959590483590268,0.9803637512505798,3,0.010314081537314033,0.019831601440334738,0.01963624874942016,True
402,3,Test,0.10281621103819125,0.03525204477667093,0.008154080837356734,0.8537776710290222,3,0.10391048428480187,0.15808445746099453,0.14622232897097776,True
403,3,Test,0.036658556663317035,0.4235379816715622,0.00830709042083604,0.531496371377417,3,0.1541861966270635,0.6320589083590612,0.468503628622583,True
404,3,Test,0.08901988468572712,0.03388984936008177,0.022673246538210963,0.8544170024005737,3,0.050493427466877565,0.15733591116079976,0.14558299759942628,True
405,3,Test,0.002054970288610241,0.0057056981231518086,0.004192402764130821,0.9880469599873353,3,0.005663560005685155,0.012025052012246688,0.011953040012664728,True
406,3,Test,0.004833270754124336,0.00393781786541518,0.006348754584178519,0.9848801364724427,3,0.0063480060408639925,0.015235334075202576,0.015119863527557342,True
407,3,Test,0.12965202723170183,0.7894307719784546,0.003938442788906206,0.07697877711096505,1,0.09917285205028817,2.5642255170546786,0.923021222889035,False
408,3,Test,0.37788996045505907,0.36298685269880293,0.007078235713220205,0.2520449471149597,0,0.24084312075026798,1.3781478458079464,0.7479550528850403,False
409,3,Test,0.02235193163399232,0.008551081102972435,0.007200339349012899,0.9618966336744995,3,0.030904476256739026,0.03884828349233835,0.03810336632550049,True
410,3,Test,0.007642228174106128,0.034118242505524685,0.005514125430985146,0.9527253980634764,3,0.02024618411574411,0.04842856158887589,0.04727460193652355,True
411,3,Test,0.0005654024362327622,0.0016653580426588938,0.002987844303726157,0.9947814110106201,3,0.001584148142901681,0.005232253384874217,0.00521858898937988,True
412,3,Test,0.32015148730225274,0.3195621732419052,0.00726220425504819,0.35302412013299717,3,0.21547843210406536,1.0412188953944987,0.6469758798670029,True
413,3,Test,0.22452268945262682,0.7586377471183472,0.0014799120231066356,0.015359646031065103,1,0.18619694770913678,4.17601159638068,0.9846403539689349,False
414,3,Test,0.055269730112513946,0.02573788673637758,0.03597579659726448,0.8830165581814576,3,0.07588979718253518,0.12441132636661587,0.11698344181854237,True
415,3,Test,0.01990517092832513,0.0238455586603736,0.007941849939627457,0.9483074187463074,3,0.02748414195425402,0.053076547916995676,0.05169258125369258,True
416,3,Test,0.010166664883109123,0.6857891918964671,0.006724107446351275,0.297319998187458,1,0.17109703001708734,1.2129462852213109,0.702680001812542,False
417,3,Test,0.0011779748001650796,0.0033249443337973446,0.005442291651583392,0.9900547839434815,3,0.004100777029646547,0.009995000067906332,0.009945216056518547,True
418,3,Test,0.00045021501737424854,0.007587147780898066,0.003311538679777287,0.9886510977473449,3,0.007540886393328423,0.011413792466099545,0.011348902252655058,True
419,3,Test,0.0005241569959877825,0.0041529917762403445,0.0023929448818197875,0.9929299172839355,3,0.003049083175133911,0.007095194180958533,0.007070082716064463,True
420,3,Test,0.01332581340687792,0.05330249001647527,0.007992171325873088,0.9253795148372497,3,0.04797441406916515,0.07755133930358524,0.07462048516275033,True
421,3,Test,0.004223971266324592,0.013066428234620526,0.004576569194668164,0.9781330215219116,3,0.008296083204898504,0.022109604370276006,0.021866978478088384,True
422,3,Test,0.06485011830398715,0.17117262106830955,0.005995087673244572,0.757982167978241,3,0.1601214586974613,0.2770954187111536,0.24201783202175897,True
423,3,Test,0.006790056790313195,0.11406150020422909,0.006198664388159905,0.8729497783049316,3,0.06929520127425928,0.13587725251217228,0.1270502216950684,True
424,3,Test,0.03632266173573041,0.05270904529799009,0.006392050307755161,0.9045762424717712,3,0.046422950096473445,0.1002886853036458,0.09542375752822885,True
425,3,Test,0.00445316239825842,0.003994443794112764,0.005134874113186989,0.9864175322424927,3,0.008802566222738742,0.013675553321493773,0.013582467757507266,True
426,3,Test,0.0017675346517024427,0.0003181273635746604,0.0025345483553955864,0.9953798011837769,3,0.0017256361929906617,0.004630904923731756,0.004620198816223109,True
427,3,Test,0.05353233013210714,0.04395893000161731,0.005945848342715812,0.8965629004563904,3,0.07368366995800898,0.10918682614902435,0.10343709954360958,True
428,3,Test,0.0008277975106743589,0.0011760739587079246,0.003465070736633992,0.994531047017151,3,0.0014924929423813023,0.005483962455292645,0.005468952982848996,True
429,3,Test,0.27802256646705387,0.10732712220186691,0.012041060901294804,0.6026092722408295,3,0.1727228432400769,0.5064862653468489,0.3973907277591705,True
430,3,Test,0.029445165147079295,0.14442556142407598,0.005175061019698882,0.8209542535916137,3,0.10597927943833221,0.19728789143340755,0.17904574640838633,True
431,3,Test,0.34853560828417207,0.5656086138420677,0.005133261903026447,0.0807224742058115,1,0.1665404022093734,2.5167382516992594,0.9192775257941885,False
432,3,Test,0.011512048236774684,0.5295009141723156,0.005020602001897967,0.4539664312762852,1,0.19635023977813032,0.7897320235945563,0.5460335687237148,False
433,3,Test,0.0005092046362640974,0.013768911597504773,0.003574179572297225,0.9821477306190491,3,0.012289748843880474,0.018013543430139382,0.017852269380950858,True
434,3,Test,0.0006302917439761237,0.0007720330381971428,0.006344939418457461,0.992252731121399,3,0.004628723978978065,0.0077774348698412404,0.007747268878600999,True
435,3,Test,0.050978155420408136,0.16859225184135676,0.006600218038648749,0.7738293617351074,3,0.14365019012613894,0.25640389257246005,0.2261706382648926,True
436,3,Test,0.0010097485203030521,0.0008732357477812513,0.00484923407716784,0.9932677834370424,3,0.002535701944042984,0.006754980156701977,0.006732216562957638,True
437,3,Test,0.0031185986446783183,0.0035364509269820606,0.005199386273945308,0.9881455667469787,3,0.004560178180439323,0.011925257322821113,0.011854433253021268,True
438,3,Test,0.14220532239386213,0.8451748155019378,0.0015007486760574991,0.011119133704226607,1,0.14401017732959454,4.499087897490567,0.9888808662957734,False
439,3,Test,0.00018108841370987504,0.00024725147822054594,0.0030854048060620426,0.9964862696841734,3,0.0012912898388094825,0.0035199179649317036,0.00351373031582658,True
440,3,Test,0.0072915502759063845,0.03224294448416801,0.01211592849276669,0.9483495715827942,3,0.03972665961374944,0.05303209830200608,0.051650428417205796,True
441,3,Test,0.00014303426672609369,0.00021900984728465508,0.002471349446601962,0.9971666196643068,3,0.0007826706565022817,0.0028374019560730296,0.0028333803356932474,True
442,3,Test,0.0012103067605214325,0.0016800613677687968,0.006857277139708859,0.9902523402375488,3,0.002436890999226134,0.009795479203379382,0.009747659762451177,True
443,3,Test,0.016222659633622526,0.386202392275548,0.005561078123470983,0.5920138546464634,3,0.16483899489348514,0.5242252412529541,0.4079861453535366,True
444,3,Test,0.0029265305957816563,0.008560887382665767,0.004555741742465234,0.9839568383096313,3,0.007062694258465587,0.016173246398387596,0.01604316169036868,True
445,3,Test,0.0023345411365437627,0.003544928653228268,0.004802523515374055,0.9893179783035888,3,0.0023128718118823593,0.010739484066047033,0.010682021696411192,True
446,3,Test,9.962100754727194e-05,0.00011894101274956513,0.0036727431877465787,0.9961086871274109,3,0.001137406307154421,0.003898903729189689,0.0038913128725891477,True
447,3,Test,0.007286450783089292,0.009349934100931786,0.00565099119922863,0.9777126125953675,3,0.011681616639438607,0.02253950428229916,0.02228738740463254,True
448,3,Test,0.01049595018167892,0.09583437069670467,0.006461194459171772,0.8872084744099731,3,0.07566909106934727,0.11967529113184525,0.11279152559002692,True
449,3,Test,0.25397108728641987,0.0303744371078856,0.02320651589535732,0.6924479498078309,3,0.17257369913928713,0.3675222064778774,0.30755205019216914,True
450,3,Test,0.0006876504291143412,0.17411741527842448,0.004495570132489417,0.8206993885310974,3,0.1487616183169273,0.19759838940450744,0.17930061146890264,True
451,3,Test,0.03602523110245741,0.05403849424886743,0.012506185142685079,0.8974301080436706,3,0.04659026799599117,0.1082200356980935,0.10256989195632937,True
452,3,Test,0.011411491526125389,0.07397121651047008,0.005633996569787359,0.9089832906620788,3,0.05462487978538147,0.09542856708353555,0.09101670933792116,True
453,3,Test,0.09708468775426264,0.49470358177513124,0.004161183449328615,0.4040505762708319,1,0.19485075486522235,0.9062152200672616,0.595949423729168,False
454,3,Test,0.32822934573641893,0.6003703765755005,0.007281845370145215,0.06411842224912297,1,0.17518770137111772,2.7470235577643125,0.935881577750877,False
455,3,Test,0.013949273838254214,0.00811729574813502,0.1617093658783319,0.8162240419021225,3,0.1513531230553154,0.2030664005484842,0.1837759580978775,True
456,3,Test,0.11910233208353985,0.027350006220246647,0.015561788098484039,0.8379858733525086,3,0.10402851022400819,0.17675403621671656,0.16201412664749137,True
457,3,Test,0.015448154488555622,0.03198897973521364,0.05330759676337464,0.8992552701457214,3,0.06425419429530736,0.10618833582227438,0.10074472985427863,True
458,3,Test,0.0501004570118714,0.0862220039279933,0.011876596424499512,0.8518009691386415,3,0.09180727531158947,0.16040238373992446,0.14819903086135855,True
459,3,Test,0.016694619384883775,0.00689150576304456,0.0529283683199359,0.9234855065454102,3,0.03260889921381867,0.07960017351536164,0.07651449345458983,True
460,3,Test,0.012670426028375143,0.009876116846355915,0.008559843324584423,0.9688935973309327,3,0.01667041320968423,0.03160047979658926,0.03110640266906728,True
461,3,Test,3.9139469936401525e-05,0.00010534263829553045,0.0018853640278954941,0.9979701286443786,3,0.0005945863886805004,0.00203193433667842,0.002029871355621382,True
462,3,Test,0.0001670230689623412,0.00030822168481092576,0.002136521363540176,0.9973882155938721,3,0.0008744456574938343,0.0026152010653680657,0.0026117844061278594,True
463,3,Test,0.42072102264886857,0.40753559727172706,0.00575206908506958,0.1659912856208769,0,0.2563024139839699,1.7958199882633485,0.834008714379123,False
464,3,Test,0.0003458939959984903,0.00046842781376750346,0.004476374214951537,0.9947093006102905,3,0.0015853620123714698,0.005304744701310114,0.005290699389709497,True
465,3,Test,0.05528044812441006,0.29259143199619675,0.012404180655820784,0.639723952355758,3,0.19239987984632737,0.4467185201196924,0.36027604764424204,True
466,3,Test,0.01591955404893753,0.021940662038558125,0.060223453934847695,0.9019163492989808,3,0.06629040948842521,0.10323350235643793,0.09808365070101921,True
467,3,Test,0.00928867754113548,0.48451329439192053,0.007971786978334755,0.4982262602571373,3,0.16928229842518527,0.6967009672719434,0.5017737397428628,True
468,3,Test,0.042031000512448694,0.03335620907522726,0.09461752093981338,0.8299952637304688,3,0.1136170334863266,0.18633528455660744,0.17000473626953116,True
469,3,Test,0.3856919388861356,0.5332579490905761,0.006461858216714552,0.07458825856398735,1,0.17668393919567524,2.595772176063482,0.9254117414360127,False
470,3,Test,0.004644939132363713,0.004806193039534311,0.010176419072312067,0.9803724798234559,3,0.015682171466386778,0.019822698077671504,0.019627520176544122,True
471,3,Test,0.004307219854758156,0.22335434819343628,0.005429949411207652,0.7669084541565246,3,0.12749857470737397,0.2653878404664721,0.23309154584347536,True
472,3,Test,0.0045827025856066805,0.005270229136550712,0.004198947221898275,0.9859481242555237,3,0.010476195676966714,0.014151538080491216,0.014051875744476305,True
473,3,Test,0.0019863360024192367,0.005295320127859328,0.003986754128448343,0.9887315983121032,3,0.0041784159169096806,0.011332371135809588,0.011268401687896779,True
474,3,Test,0.005451262406057829,0.0035322826389395157,0.005070373384590459,0.9859460736297606,3,0.00495707212090158,0.01415361793423315,0.014053926370239389,True
475,3,Test,0.0005142220332319669,0.000493764964257499,0.004665348272626024,0.9943266846177673,3,0.0013129155335274217,0.0056894697641889464,0.005673315382232702,True
476,3,Test,0.026446450527272642,0.09163276039307677,0.010581969680521344,0.8713387963376771,3,0.06673223058068035,0.1377244037791421,0.12866120366232292,True
477,3,Test,0.0012692457239479268,0.001308649234160198,0.008854468895359801,0.9885676250239562,3,0.004740517454054493,0.011498226952256248,0.011432374976043769,True
478,3,Test,0.032812100246315,0.26686030304891706,0.013900156691852905,0.6864274704943085,3,0.12724419917742452,0.3762547104927912,0.3135725295056915,True
479,3,Test,0.014250109219045484,0.06704314860971868,0.012067739766170597,0.9066389910906677,3,0.04558751058770762,0.09801093335843857,0.0933610089093323,True
480,3,Test,0.11682949049262834,0.20622061545122622,0.010084070249840735,0.6668658219389725,3,0.18886519210204566,0.4051664198114965,0.3331341780610275,True
481,3,Test,0.002106392709726751,0.0017408507419039185,0.0059839323285603915,0.990168818540039,3,0.004373159896276374,0.009879826613211011,0.00983118145996098,True
482,3,Test,0.0039676952045361955,0.001946830656564554,0.005718068191371726,0.9883673903432921,3,0.006685142078429787,0.011700797780120939,0.01163260965670787,True
483,3,Test,0.001581824073832895,0.004535941319422027,0.0030185099308100262,0.9908637165954589,3,0.005540295717204974,0.009178275203432394,0.00913628340454109,True
484,3,Test,0.0003215578284331036,0.0005225945888938565,0.0031988015651279863,0.995957053197815,3,0.0009063527917426018,0.004051141606503852,0.004042946802184977,True
485,3,Test,0.005592115381248438,0.002694480318517256,0.11305955969937453,0.878653807301941,3,0.10754735469736341,0.1293643072237809,0.12134619269805902,True
486,3,Test,9.630005965142403e-05,0.00014991893238768805,0.001977028261524266,0.9977767536018372,3,0.0005346737251360782,0.0022257214795940393,0.002223246398162848,True
487,3,Test,0.011892373035926055,0.04974479847095888,0.00646691602682765,0.9318959160111999,3,0.025701794592306176,0.07053414863258005,0.06810408398880008,True
488,3,Test,0.16095753133462284,0.12280971257899946,0.014756333657441233,0.7014764187237397,3,0.20291917898707795,0.3545679955089264,0.29852358127626033,True
489,3,Test,0.019832227480060284,0.010299293614637196,0.04851404520112727,0.9213544256560059,3,0.034960371245550875,0.08191048976568162,0.0786455743439941,True
490,3,Test,0.01897485274236361,0.8388852014227295,0.004492268411788769,0.13764770459907913,1,0.053301951017176705,1.9830577231658397,0.8623522954009208,False
491,3,Test,0.033870858785787106,0.1771175589593792,0.01421168986871133,0.7747999157743836,3,0.11469241586633383,0.25515045615557014,0.22520008422561644,True
492,3,Test,0.002132350407774407,0.004909235837632233,0.0032394712041670824,0.9897189649609375,3,0.0030662035727125753,0.010334249930119744,0.010281035039062525,True
493,3,Test,0.015637692743433667,0.01535955217971047,0.0070422600098960205,0.9619604835263672,3,0.018724162466167732,0.038781906575549405,0.038039516473632795,True
494,3,Test,0.005031481836037168,0.00420466469597079,0.015173183129297746,0.9755907094703675,3,0.018159462838440908,0.02471213557381699,0.024409290529632477,True
495,3,Test,0.0011067639186861209,0.0009271372610061623,0.006241785953112195,0.9917243006996459,3,0.0021092689903173365,0.008310133006738529,0.0082756993003541,True
496,3,Test,0.03023914331791145,0.03397853509834284,0.005076655783755174,0.930705665660431,3,0.05251282848011547,0.07181220028301964,0.069294334339569,True
497,3,Test,0.021163741471349983,0.04642306354967892,0.005973349862380862,0.9264398234773253,3,0.0403274261625374,0.07640618574134551,0.07356017652267466,True
498,3,Test,0.0017636806283914206,0.0008243245889263626,0.004169327285532263,0.9932426736030578,3,0.0021513214392309783,0.006780260500831921,0.006757326396942154,True
499,3,Test,0.37042179705519673,0.5438983736867218,0.0038753965311078657,0.0818044077323214,1,0.16730900741438387,2.5034241525669323,0.9181955922676786,False
500,3,Test,0.20315675007476613,0.08167467602033215,0.008815367995969058,0.7063532328988648,3,0.10567732798918077,0.3476398367270808,0.29364676710113524,True
501,3,Test,0.00181314389689681,0.17513411433819295,0.0030959546891501425,0.819956791443512,3,0.1472461477590906,0.19850363347375297,0.18004320855648803,True
502,3,Test,0.023652761174209686,0.04403455154025086,0.009124114458764744,0.9231885670081788,3,0.020820724884244864,0.0799217673949131,0.07681143299182125,True
503,3,Test,0.006930173091032654,0.1515694696692918,0.006606104803854168,0.8348942593962096,3,0.14543684638473262,0.18045019760386877,0.16510574060379035,True
504,3,Test,0.6611386554192684,0.3340989559196145,0.0016007703447360553,0.0031616459197793545,0,0.17550042447086997,5.756662526294492,0.9968383540802206,False
505,3,Test,0.003694894904009857,0.07121008714079945,0.005446482723640418,0.919648523927002,3,0.05093202085977101,0.0837637211444024,0.08035147607299797,True
506,3,Test,0.21510095851734617,0.577249259371891,0.004514845343596719,0.20313491854804044,1,0.2304014512575625,1.5938848973153015,0.7968650814519596,False
507,3,Test,0.007993737461832606,0.0217221836377759,0.006623158786093808,0.9636609166940306,3,0.013963195368403722,0.03701579241680327,0.036339083305969355,True
508,3,Test,0.46291562770717265,0.5347864695230408,0.0018572183288722334,0.00044067060843465346,1,0.1874032838822317,7.727212881250199,0.9995593293915653,False
509,3,Test,0.012533028782058836,0.16579008153945232,0.003845247684252048,0.8178316391439819,3,0.09831560657974817,0.2010987836806386,0.18216836085601806,True
510,3,Test,0.010316996884041113,0.03827991734167099,0.010191776322119017,0.9412113303821716,3,0.033991925164664705,0.060587583971286926,0.05878866961782836,True
511,3,Test,0.22638968749568175,0.38116055472969057,0.011209445279319354,0.38124033292667237,3,0.21379774970936977,0.9643253076398995,0.6187596670733276,True
512,3,Test,0.03409006779174547,0.49933766381326683,0.0057357807778049275,0.46083651116316987,1,0.15747034769207008,0.774711938444253,0.5391634888368302,False
513,3,Test,0.03743346107738066,0.32232298657709124,0.008738387936972925,0.6315051772102642,3,0.18197278430235178,0.4596491389508276,0.3684948227897358,True
514,3,Test,0.1130770629260911,0.006348996392265928,0.007450481747213811,0.8731234392810059,3,0.11698072837335145,0.13567833648173572,0.1268765607189941,True
515,3,Test,0.16778273428365212,0.39912423845224765,0.009102754523403192,0.42399025460536005,3,0.1866206180807216,0.8580448084356458,0.57600974539464,True
516,3,Test,0.001315477280651959,0.001741708654041533,0.006478288814609228,0.9904645316428529,3,0.0024089600702009786,0.009581222022933055,0.009535468357147137,True
517,3,Test,0.02976050418987155,0.14832239673716735,0.007406561142350006,0.8145105198341369,3,0.08367189453590987,0.2051679353277573,0.18548948016586309,True
518,3,Test,0.2195745488500293,0.03733595329041271,0.006754773500827742,0.7363347087645996,3,0.19113431684443755,0.3060704962853831,0.2636652912354004,True
519,3,Test,0.02683272034509897,0.304018182908789,0.005905965321106237,0.6632431288890934,3,0.18512848958207642,0.41061364577808124,0.3367568711109066,True
520,3,Test,0.2726771968140297,0.5308732054872772,0.004874970432463795,0.19157461196833384,1,0.25752611443182144,1.6524779276094699,0.8084253880316662,False
521,3,Test,0.08190213825337314,0.8388878937648773,0.0028524378194778786,0.07635752641356335,1,0.09665662604520865,2.5723286743951754,0.9236424735864367,False
522,3,Test,0.001018925119607972,0.0015508609941881234,0.00508048172385571,0.9923497371678162,3,0.002616132315519896,0.007679676202254743,0.007650262832183841,True
523,3,Test,0.007732849507340672,0.18627487016824382,0.0099390399576056,0.7960532489463349,3,0.14980019740201883,0.22808919971394426,0.2039467510536651,True
524,3,Test,0.4170645573390025,0.0716775987458955,0.10731656616030191,0.40394123529117776,0,0.23233809312761133,0.9064858688009665,0.5960587647088222,False
525,3,Test,0.0013857974328744477,0.0028655795984478057,0.005200660094404197,0.9905479833854676,3,0.0020014344589431208,0.009496970417220333,0.009452016614532432,True
526,3,Test,0.0009555012784328683,0.0006408721823652791,0.004247523665961957,0.9941561093013,3,0.002308172563057662,0.00586103304591034,0.0058438906986999495,True
527,3,Test,0.07279664203725697,0.0040975540186390935,0.00481019339737407,0.91829564481781,3,0.0778359000580357,0.08523588703119761,0.08170435518218999,True
528,3,Test,0.0008162251392371228,0.1439032387539382,0.0029010593959866667,0.8523794707678375,3,0.14254764949251053,0.15972346308355467,0.1476205292321625,True
529,3,Test,0.03218826010691776,0.9377261506291198,0.0023230031958390344,0.02776255376904424,1,0.03107561060059697,3.5840671530126613,0.9722374462309558,False
530,3,Test,0.10388810464329767,0.8489113211412658,0.002962146051270018,0.04423839452001267,1,0.07247515356249397,3.118162212661359,0.9557616054799873,False
531,3,Test,0.026995925862495485,0.046226690361125373,0.02038217929499595,0.9063951845659179,3,0.03229368899112735,0.09827988198554437,0.09360481543408206,True
532,3,Test,0.00518831883780148,0.10427105944973661,0.004044825469545028,0.886495816169403,3,0.06388424191073527,0.12047887297207055,0.11350418383059702,True
533,3,Test,0.012830524968209234,0.01921963445706138,0.005155730965715252,0.9627940926332093,3,0.030208844311481457,0.03791570870358314,0.03720590736679075,True
534,3,Test,0.21087458685192537,0.5133300757702685,0.004845129792560422,0.27095021358943366,1,0.23602078786817055,1.3058201886719902,0.7290497864105663,False
535,3,Test,0.38630556413230777,0.5922698795118885,0.0024984585208719335,0.018926086472592064,1,0.1860300098091255,3.9672140719224873,0.9810739135274079,False
536,3,Test,0.018613691319841565,0.06818433067079932,0.00925753983032299,0.9039444699934387,3,0.03584537494388409,0.10098734747508441,0.09605553000656131,True
537,3,Test,0.017459108803641044,0.36817740096728135,0.0052480514255948945,0.6091154461859908,3,0.19259435364512953,0.4957474624298903,0.3908845538140092,True
538,3,Test,0.01383351418877155,0.010802339106158534,0.005715927611928363,0.9696482173326111,3,0.015755308125614098,0.03082193580637271,0.030351782667388916,True
539,3,Test,0.00014195034788742295,0.0005435682051643493,0.002128429673540838,0.9971860375421142,3,0.00047951448717264695,0.002817929093299329,0.002813962457885788,True
540,3,Test,0.44646871988494113,0.5305482382862091,0.0034190019609232764,0.019564068852274664,1,0.1496825802486594,3.9340606169759775,0.9804359311477253,False
541,3,Test,0.0001727859135204927,0.0009919823658716717,0.0019182930534678913,0.9969169608008117,3,0.0006186214786272108,0.0030878015554130665,0.0030830391991882866,True
542,3,Test,0.0032336677050452886,0.06037394567550536,0.003590765156655239,0.9328016189733888,3,0.039445951425708684,0.06956272778129526,0.06719838102661124,True
543,3,Test,0.031832345385504605,0.917830252471405,0.0021994209478281928,0.048137975535045605,1,0.04331233299524566,3.0336839012080943,0.9518620244649544,False
544,3,Test,0.18508184239399195,0.22218545164202688,0.008569796021932698,0.5841629312465515,3,0.22395389106025293,0.5375753432043686,0.4158370687534485,True
545,3,Test,0.1180389769492064,0.8775561904974365,0.0021292815862713815,0.00227555300649093,1,0.07875289157939626,6.085532176342093,0.997724446993509,False
546,3,Test,0.0014714567420272256,0.009149282379786463,0.006704649518265762,0.9826746177299499,3,0.00950867858823621,0.01747722306105058,0.017325382270050094,True
547,3,Test,0.0001548653553660781,0.0020613877875361223,0.0030145998683197175,0.994769147550354,3,0.0021059339245644067,0.005244581254818066,0.005230852449646051,True
548,3,Test,0.060873000259851096,0.108615117246706,0.004823785952087164,0.8256880862887573,3,0.1120978470877961,0.19153819628249485,0.17431191371124266,True
549,3,Test,0.022404078830668927,0.20169261242547085,0.0050647839063111015,0.7708385164181977,3,0.12610537055119983,0.2602763742842863,0.22916148358180233,True
550,3,Test,0.003265635746579972,0.0003330014707339467,0.003614361752584827,0.9927870159882811,3,0.004320473433551398,0.007239123351835497,0.0072129840117188815,True
551,3,Test,0.0014593457008675466,0.008451977466912789,0.005413799457565288,0.9846748940026245,3,0.0059792802184856515,0.015443749140925864,0.015325105997375466,True
552,3,Test,0.007818837364384204,0.08232138268161744,0.04450734632581036,0.8653524101837158,3,0.06047308006973608,0.14461844440241645,0.13464758981628422,True
553,3,Test,0.4087558215241384,0.40705657455716704,0.004995248517856078,0.1791923639480723,0,0.20436210230381538,1.7192953912461375,0.8208076360519276,False
554,3,Test,0.2866830482417769,0.555675229724765,0.005168146424362511,0.15247360364879897,1,0.2209321516717746,1.8807637887441646,0.847526396351201,False
555,3,Test,0.3522081002010841,0.468240349211359,0.03355128025866203,0.1460002775794754,1,0.15434139717605205,1.9241467560463243,0.8539997224205246,False
556,3,Test,0.10404592265750259,0.054115059270299436,0.1192594095654422,0.7225795869628906,3,0.10883246799119352,0.32492771009622406,0.2774204130371094,True
557,3,Test,0.04893780496479454,0.008747075642673552,0.14842810144125201,0.7938869782447663,3,0.1585931613850402,0.23081417264687235,0.20611302175523372,True
558,3,Test,8.284172989231602e-05,0.0001897567655404705,0.0029233634202070354,0.9968040343882141,3,0.0012749646854414778,0.0032010836174376912,0.0031959656117859225,True
559,3,Test,0.015862133172025183,0.5892277214528943,0.005405937402670347,0.3895042151541176,1,0.17910230334596286,0.9428805917681001,0.6104957848458824,False
560,3,Test,0.1268931474543217,0.6701543394630433,0.007487311435564856,0.19546517175415373,1,0.14248163346723985,1.6323730650223622,0.8045348282458462,False
561,3,Test,0.0204791142863842,0.17944466900521777,0.0102563570122612,0.7898198744827271,3,0.09618007277164245,0.23595036650250384,0.21018012551727294,True
562,3,Test,0.15717343235770428,0.7732105048916702,0.0035312190688517806,0.06608482893898408,1,0.1581446683563222,2.7168160752756174,0.933915171061016,False
563,3,Test,0.037029187721204136,0.4312378159817696,0.00686136205649783,0.5248716692693997,3,0.17643340279912742,0.6446014857575718,0.47512833073060035,True
564,3,Test,0.1299434247747891,0.5418696102196503,0.00953710653873965,0.31864987959620195,1,0.1857091738497696,1.143662335077854,0.681350120403798,False
565,3,Test,0.018715980754870593,0.0071978589039006,0.0066294815172894955,0.9674566874244384,3,0.014071015847242482,0.03308462260025587,0.032543312575561645,True
566,3,Test,0.0018841179078143856,0.00216079473697398,0.006066109382954125,0.9898889538587952,3,0.0017831164982688315,0.01016250996418058,0.010111046141204838,True
567,3,Test,0.25166656429746864,0.2639123652123356,0.010183033802202415,0.47423806848428346,3,0.17707130100882965,0.7460458291882255,0.5257619315157165,True
568,3,Test,0.07117088133640885,0.025195839338750838,0.007534850861252299,0.8960984121942139,3,0.03446400306643173,0.10970503700044755,0.10390158780578607,True
569,3,Test,0.12635640698063613,0.4490916135027313,0.010190445935274649,0.41436152412223864,1,0.16159355694126717,0.8810164395428015,0.5856384758777613,False
570,3,Test,0.029390463436056946,0.6482936444244004,0.006754988664783268,0.3155609108616272,1,0.15068857693813587,1.1534035542667433,0.6844390891383728,False
571,3,Test,0.10572865977592767,0.7762871739872131,0.00530985653774107,0.11267427649706012,1,0.12512368400550083,2.1832541315748304,0.8873257235029399,False
572,3,Test,0.00011873983262810628,0.00017959619321770477,0.0030357320058844567,0.9966659449313354,3,0.0009788269022909827,0.003339625414938611,0.0033340550686645765,True
573,3,Test,0.014324114433225132,0.19972431539271354,0.0069392910397736065,0.7790122805731506,3,0.10047171333587351,0.24972846870015272,0.22098771942684936,True
574,3,Test,0.03201527972792122,0.015377743035401506,0.12579923184211267,0.8268077787565613,3,0.09322294919020681,0.19018304295008115,0.1731922212434387,True
575,3,Test,0.06724154253419488,0.021678989923347353,0.009784387987424517,0.9012950813903808,3,0.08182812040145221,0.10392257067378408,0.09870491860961916,True
576,3,Test,0.05761469360189655,0.9420712587071229,0.00026689637631588354,4.711429971563533e-05,1,0.049227851083555735,9.9629339997157,0.9999528857002844,False
577,3,Test,0.30628991394019317,0.5865841161749878,0.0052348946811906156,0.1018910028080769,1,0.20959676458116255,2.2838516369786492,0.898108997191923,False
578,3,Test,4.912129200158946e-05,7.90687755152509e-05,0.001576808175157627,0.9982949862600403,3,0.0004934496451108618,0.0017064689302012115,0.001705013739959682,True
579,3,Test,0.0007596114491159203,0.0006786634279574488,0.003014997875916836,0.9955467460070496,3,0.0015341214041392974,0.0044631992653793,0.004453253992950379,True
580,3,Test,0.00039268116594648114,0.00046840737585599835,0.0045755015824144865,0.9945634198602296,3,0.001442836147051737,0.005451412122846913,0.005436580139770442,True
581,3,Test,0.08930259247794722,0.43292799359394357,0.008904725799166891,0.46886465155932233,3,0.16883508759246857,0.7574411416115513,0.5311353484406777,True
582,3,Test,0.023858291925264452,0.1591438787327161,0.00698870642074461,0.8100091109273071,3,0.056226043870193324,0.21070978332050772,0.1899908890726929,True
583,3,Test,0.0010360420816834222,0.0005049482280700655,0.0027803983560110513,0.9956785803295898,3,0.0016454109150701285,0.004330783992241598,0.00432141967041022,True
584,3,Test,0.00030119158551739365,0.0003770206026655461,0.0041398519238705685,0.9951819169003298,3,0.00146915019449012,0.004829727479497038,0.004818083099670245,True
585,3,Test,0.018747938566615895,0.014738812803852069,0.06603461007305408,0.9004786481448364,3,0.05335499243704048,0.10482882575791501,0.09952135185516364,True
586,3,Test,0.00307764466697706,0.0031216596259500836,0.006099009930270543,0.9877016944062806,3,0.004156676019742397,0.01237455556250996,0.01229830559371936,True
587,3,Test,0.05547257848439806,0.0007553364511220479,0.9396193701531983,0.0041527317905290986,2,0.03536569750932897,5.483988898521346,0.9958472682094709,False
588,3,Test,0.0022132503161348344,0.01910972191739905,0.04127489593840428,0.9374021520917054,3,0.04058378679934764,0.06464289768679457,0.06259784790829459,True
589,3,Test,0.0005493431915947123,0.0009020899857053131,0.005017470834225232,0.9935311315020142,3,0.004111119973839523,0.006489882300513335,0.00646886849798578,True
590,3,Test,0.5954752347420216,0.005638905235523193,0.011926340450166665,0.38695951062445144,0,0.2164575332068655,0.9494352151352251,0.6130404893755486,False
591,3,Test,0.0014871282381495195,0.001031738200048974,0.005109114057169032,0.9923720255496216,3,0.002652921702699089,0.007657216246179266,0.007627974450378439,True
592,3,Test,0.18019392291382103,0.007054034918431899,0.009312059146742798,0.8034400007883606,3,0.17554940735938984,0.21885276891582198,0.19655999921163936,True
593,3,Test,0.005027039934750267,0.001599007798129929,0.006062882958481908,0.9873111031687927,3,0.006655558953777383,0.012770088435066279,0.01268889683120733,True
594,3,Test,0.0022771149222788976,0.00071430863195266,0.019428201749001194,0.9775803551223754,3,0.015077217501251617,0.022674785772466986,0.0224196448776246,True
595,3,Test,0.03350323427066,0.0428889751091871,0.00909073808384323,0.9145170452387695,3,0.05151529880847057,0.08935917246349705,0.08548295476123047,True
596,3,Test,0.006169924463303296,0.0017268940245973995,0.02126182457211463,0.9708413728188171,3,0.022453010767076356,0.029592188795487574,0.029158627181182895,True
597,3,Test,0.03229408492793644,0.0033537109883614987,0.006806647664424468,0.9575455545950318,3,0.027321042462169112,0.043381982458511194,0.04245444540496823,True
598,3,Test,8.722968051484852e-05,0.001349011095807597,0.005591225456480968,0.992972527671051,3,0.004398782385256116,0.007052281310560199,0.007027472328948958,True
599,3,Test,0.0007419093138373284,0.0033003424155082944,0.004973562431275391,0.990984190422638,3,0.004458485941368407,0.009056697935165912,0.009015809577362033,True
600,3,Test,0.004551488887822487,0.00254333446368338,0.006050600335572696,0.9868545760925294,3,0.005660280092859309,0.01323258972277179,0.013145423907470644,True
601,3,Test,0.011289164065394122,0.006522543730737558,0.008290843732709963,0.973897427696991,3,0.012748836724680333,0.02644929125782782,0.026102572303009053,True
602,3,Test,0.00023135019085598652,0.00022815732915180582,0.002305064144578526,0.997235413928528,3,0.0007233187598494192,0.0027684145973662267,0.0027645860714720083,True
603,3,Test,0.004860861025958467,0.034885774136503775,0.0069548473952867245,0.9532985258821107,3,0.04076873113373475,0.04782717581537393,0.046701474117889274,True
604,3,Test,0.011015258410227335,0.015808915146498573,0.00888375589654789,0.9642920724008178,3,0.011947667157060669,0.03636105059176443,0.035707927599182177,True
605,3,Test,0.011327565922163729,0.002065242847430099,0.3964936474327626,0.5901135488099147,3,0.22391561965244278,0.5274403049895521,0.40988645119008527,True
606,3,Test,0.006549948072554745,0.002670482323791949,0.006488487064647675,0.9842910858973694,3,0.005172387246098911,0.015833606674305785,0.015708914102630644,True
607,3,Test,0.0037714732033461438,0.002293417416592141,0.007565934976152537,0.9863691790644836,3,0.008296233239970238,0.013724573499642435,0.013630820935516375,True
608,3,Test,0.0011378599488783383,0.0013197889939454532,0.004548122751584172,0.9929942535995483,3,0.0021566729476855014,0.007030401862522082,0.007005746400451707,True
609,3,Test,0.0003270031044699255,0.00040719332009731565,0.0036902645017971173,0.9955755458164978,3,0.0012304887820091543,0.004434271047792247,0.0044244541835022355,True
610,3,Test,0.002227501047068902,0.0017494791076821344,0.004374019953560888,0.9916490240663147,3,0.004082618933219297,0.008386040686273551,0.008350975933685278,True
611,3,Test,0.004233945364230799,0.14974835622883642,0.005345892202617073,0.8406717896061707,3,0.06250672435521916,0.1735539572428742,0.15932821039382927,True
612,3,Test,0.0002712869842263657,0.00019182000979685012,0.0019687930236543597,0.9975681113752746,3,0.0007462110910795032,0.002434850468757914,0.002431888624725431,True
613,3,Test,0.0009752069917806444,0.0008283180137071608,0.00517035388036457,0.9930261255056457,3,0.0017628997865481275,0.006998305609698601,0.006973874494354271,True
614,3,Test,0.010613195058590043,0.008272898306260967,0.013637185246340394,0.9674767377705382,3,0.010012030560265176,0.03306389801527583,0.03252326222946178,True
615,3,Test,0.0034283429800637697,0.0019826580990620016,0.04178299905315848,0.9528060192072754,3,0.01683470728890674,0.048343943573012894,0.04719398079272463,True
616,3,Test,0.05296364234600377,0.47676333532089943,0.005634026959980392,0.46463899320861624,1,0.19492023464535813,0.7664945336084071,0.5353610067913838,False
617,3,Test,0.0019754922255371425,0.0010071517632499118,0.004336276696370768,0.9926810474316407,3,0.002609097126180796,0.007345867508232109,0.007318952568359349,True
618,3,Test,0.24817895756434383,0.0033423466812935116,0.011399077450971126,0.7370796250584202,3,0.18582382527938357,0.3050593532006606,0.2629203749415798,True
