,class_class_prob_0_dec,class_class_prob_1_dec,class_class_prob_2_dec,class_class_prob_3_dec,class,dec_uncertainty,class_pred_label_dec,split
0,0.07160493,0.10821239,0.3347362,0.48544648,2,1.1465855,3,Test
1,0.82333535,0.04016983,0.04016983,0.096324965,2,0.6437157,0,Test
2,0.67197955,0.060329724,0.060329724,0.207361,2,0.93217343,0,Test
3,0.094318755,0.094318755,0.6113671,0.19999538,2,1.0681,2,Test
4,0.64501154,0.039926574,0.039926574,0.27513537,2,0.8950733,0,Test
5,0.66774166,0.03601961,0.03601961,0.26021913,2,0.8594214,0,Test
6,0.13493963,0.21121791,0.45668656,0.1971559,2,1.2767553,2,Test
7,0.68107134,0.047039233,0.047039233,0.22485021,2,0.88471663,0,Test
8,0.13944387,0.09658534,0.17569901,0.58827174,2,1.1181239,3,Test
9,0.71398073,0.061546706,0.061546706,0.16292588,2,0.8793415,0,Test
10,0.77713025,0.036289655,0.036289655,0.15029044,2,0.72146875,0,Test
11,0.087308735,0.087308735,0.55204374,0.27333882,2,1.1082876,2,Test
12,0.85493433,0.042924255,0.042924255,0.059217177,2,0.5716527,0,Test
13,0.3895611,0.059534986,0.059534986,0.49136892,2,1.052319,3,Test
14,0.19500181,0.038335755,0.038335755,0.7283266,2,0.79971653,3,Test
15,0.6936782,0.034958173,0.034958173,0.23640545,2,0.829128,0,Test
16,0.051618796,0.03626175,0.03626175,0.8758577,2,0.5096476,3,Test
17,0.6388204,0.058993787,0.058993787,0.24319205,2,0.96406895,0,Test
18,0.084879614,0.24384332,0.3928911,0.27838597,2,1.2765092,2,Test
19,0.3664201,0.0801064,0.30157042,0.2519031,2,1.2789066,0,Test
20,0.3280968,0.07005448,0.111319035,0.49052972,2,1.145659,3,Test
21,0.09129755,0.09129755,0.6556135,0.16179141,2,1.0085493,2,Test
22,0.774154,0.04014377,0.04014377,0.14555842,2,0.7368359,0,Test
23,0.85708195,0.044548187,0.044548187,0.05382166,2,0.56664705,0,Test
24,0.09432224,0.09432224,0.5149916,0.2963639,2,1.1475757,2,Test
25,0.588303,0.046743404,0.046743404,0.3182102,2,0.96282464,0,Test
26,0.6221376,0.03532218,0.03532218,0.30721804,2,0.8940221,0,Test
27,0.09861074,0.1101143,0.49508637,0.29618862,2,1.1798246,2,Test
28,0.090288706,0.2547782,0.4196484,0.23528466,2,1.2703391,2,Test
29,0.096401826,0.10731581,0.6590169,0.1372654,2,1.0124338,2,Test
30,0.7285783,0.03774636,0.03774636,0.19592896,2,0.797456,0,Test
31,0.06395471,0.06395471,0.3247547,0.54733586,2,1.0468193,3,Test
32,0.101915404,0.101915404,0.5744598,0.22170937,2,1.1178883,2,Test
33,0.70733833,0.042475026,0.042475026,0.2077116,2,0.83969724,0,Test
34,0.07404588,0.4474349,0.05142274,0.42709646,2,1.0685409,1,Test
35,0.0824115,0.0824115,0.5815182,0.25365877,2,1.0746121,2,Test
36,0.08108612,0.08108612,0.5264347,0.31139308,2,1.1084934,2,Test
37,0.7997777,0.037909333,0.037909333,0.12440365,2,0.6860935,0,Test
38,0.5234872,0.06542518,0.109745294,0.30134234,2,1.1211829,0,Test
39,0.06297819,0.06297819,0.27377078,0.60027283,2,1.0092874,3,Test
40,0.5744071,0.07484707,0.16811614,0.18262964,2,1.1227798,0,Test
41,0.7756436,0.041243114,0.041243114,0.14187016,2,0.73710024,0,Test
42,0.12278941,0.05066188,0.05066188,0.7758868,2,0.756611,3,Test
43,0.10157479,0.09669189,0.4851991,0.3165343,2,1.1732025,2,Test
44,0.08107719,0.08107719,0.53178716,0.30605847,2,1.1055859,2,Test
45,0.43621707,0.039261617,0.039261617,0.48525968,2,0.96698916,3,Test
46,0.17373207,0.09416079,0.40896448,0.32314262,2,1.2572596,2,Test
47,0.090926036,0.090926036,0.54430234,0.27384558,2,1.1217828,2,Test
48,0.71487206,0.05326396,0.05326396,0.17859998,2,0.85999817,0,Test
49,0.09889224,0.10686242,0.59583724,0.19840807,2,1.0972048,2,Test
50,0.62950265,0.042232372,0.042232372,0.28603262,2,0.9166567,0,Test
51,0.5506576,0.041492347,0.041492347,0.36635774,2,0.9604995,0,Test
52,0.11722136,0.162515,0.3717265,0.34853718,2,1.2817949,2,Test
53,0.02749342,0.02749342,0.02749342,0.91751975,2,0.37539947,3,Test
54,0.7678458,0.035645276,0.035645276,0.16086364,2,0.7344613,0,Test
55,0.043505758,0.043505758,0.043505758,0.86948276,2,0.5307567,3,Test
56,0.027072567,0.027072567,0.027072567,0.9187823,2,0.37096018,3,Test
57,0.75281405,0.046025883,0.046025883,0.15513419,2,0.7862249,0,Test
58,0.08645936,0.08645936,0.55809456,0.26898673,2,1.1020194,2,Test
59,0.6953149,0.046867855,0.046867855,0.21094938,2,0.86780787,0,Test
60,0.7975498,0.040218584,0.040218584,0.12201306,2,0.69556344,0,Test
61,0.08855518,0.08855518,0.5474058,0.27548385,2,1.114347,2,Test
62,0.08358042,0.09601297,0.041857973,0.7785486,2,0.760151,3,Test
63,0.65311855,0.038424753,0.038424753,0.27003193,2,0.8822129,0,Test
64,0.07721503,0.07721503,0.41772246,0.42784747,2,1.1234038,3,Test
65,0.09710206,0.16600153,0.4888452,0.24805124,2,1.2202243,2,Test
66,0.13645145,0.09349098,0.4664366,0.303621,2,1.2109742,2,Test
67,0.026566241,0.026566241,0.026566241,0.92030126,2,0.36559093,3,Test
68,0.09583702,0.09583702,0.63239276,0.17593315,2,1.044997,2,Test
69,0.7519366,0.05114561,0.05114561,0.14577216,2,0.7992144,0,Test
70,0.08689625,0.08689625,0.5863116,0.23989594,2,1.0800797,2,Test
71,0.6799214,0.06129821,0.06129821,0.19748223,2,0.9249258,0,Test
72,0.025509717,0.025509717,0.025509717,0.92347085,2,0.35428524,3,Test
73,0.7405332,0.034140475,0.034140475,0.1911859,2,0.7693671,0,Test
74,0.10011201,0.10776372,0.54435456,0.24776974,2,1.1472356,2,Test
75,0.5921656,0.0635891,0.0635891,0.2806562,2,1.0173008,0,Test
76,0.8766746,0.041108474,0.041108474,0.041108474,2,0.5089855,0,Test
77,0.8071342,0.039465077,0.039465077,0.113935664,2,0.675552,0,Test
78,0.029012838,0.11399063,0.029012838,0.82798374,2,0.60925007,3,Test
79,0.75832605,0.04055919,0.04055919,0.16055556,2,0.7634432,0,Test
80,0.8511124,0.04776436,0.04776436,0.05335887,2,0.58413666,0,Test
81,0.463984,0.055916354,0.055916354,0.42418328,2,1.0425851,0,Test
82,0.6793422,0.052849736,0.052849736,0.21495835,2,0.90390056,0,Test
83,0.025464192,0.025464192,0.025464192,0.9236074,2,0.353795,3,Test
84,0.024277927,0.024277927,0.024277927,0.9271662,2,0.34092423,3,Test
85,0.33298707,0.26010314,0.11218127,0.29472855,2,1.3219268,0,Test
86,0.031465925,0.031465925,0.031465925,0.9056022,2,0.41630286,3,Test
87,0.042235658,0.26131243,0.042235658,0.65421623,2,0.8955953,3,Test
88,0.041124396,0.2949811,0.041124396,0.6227702,2,0.9175245,3,Test
89,0.034633398,0.34424922,0.034633398,0.586484,2,0.91299725,3,Test
90,0.08244966,0.08244966,0.49245188,0.3426488,2,1.1273435,2,Test
91,0.09098334,0.09098334,0.5844109,0.23362239,2,1.0898038,2,Test
92,0.5708888,0.04825546,0.04825546,0.33260024,2,0.97869724,0,Test
93,0.64402837,0.035048548,0.035048548,0.28587452,2,0.8762501,0,Test
94,0.0969513,0.10223173,0.6320218,0.16879514,2,1.0496709,2,Test
95,0.0907673,0.0907673,0.51468295,0.3037825,2,1.1393785,2,Test
96,0.045140125,0.07348223,0.045140125,0.8362375,2,0.62108254,3,Test
97,0.035838418,0.035838418,0.035838418,0.8924847,2,0.45940623,3,Test
98,0.0880436,0.099345274,0.61238253,0.20022866,2,1.0656807,2,Test
99,0.8842422,0.038585942,0.038585942,0.038585942,2,0.48555964,0,Test
100,0.027414232,0.027414232,0.027414232,0.9177573,2,0.3745658,3,Test
101,0.85865885,0.03848791,0.03848791,0.06436532,2,0.5581531,0,Test
102,0.0907673,0.0907673,0.51468295,0.3037825,2,1.1393785,2,Test
103,0.0969513,0.10223173,0.6320218,0.16879514,2,1.0496709,2,Test
104,0.45974702,0.12407394,0.049523026,0.36665598,2,1.1328967,0,Test
105,0.032495372,0.03629692,0.032495372,0.89871234,2,0.43903798,3,Test
106,0.08225892,0.44901446,0.047341485,0.42138514,2,1.0735726,1,Test
107,0.0363217,0.056784056,0.0363217,0.87057257,2,0.5243876,3,Test
108,0.033963468,0.04842078,0.033963468,0.88365227,2,0.48567092,3,Test
109,0.7027507,0.03938755,0.03938755,0.21847421,2,0.83499855,0,Test
110,0.8639152,0.038690116,0.038690116,0.05870462,2,0.54446936,0,Test
111,0.023484338,0.023484338,0.023484338,0.929547,2,0.3322097,3,Test
112,0.5713604,0.038279187,0.038279187,0.3520812,2,0.93714416,0,Test
113,0.60503376,0.03482342,0.03482342,0.3253194,2,0.90316546,0,Test
114,0.024072744,0.024072744,0.024072744,0.92778176,2,0.33867922,3,Test
115,0.5611787,0.042223036,0.042223036,0.35437527,2,0.9590844,0,Test
116,0.03834787,0.53704363,0.03834787,0.38626063,2,0.951404,1,Test
117,0.04264584,0.79249465,0.04264584,0.122213654,2,0.71028167,1,Test
118,0.058430143,0.6060308,0.058430143,0.27710885,2,0.99101555,1,Test
119,0.036923453,0.88922966,0.036923453,0.036923453,2,0.4698166,1,Test
120,0.058139756,0.06398165,0.17487372,0.7030049,2,0.89395654,3,Test
121,0.4658422,0.19032198,0.043553844,0.300282,2,1.1693485,0,Test
122,0.46753848,0.14194539,0.042583138,0.34793302,2,1.1343126,0,Test
123,0.52116954,0.03320266,0.03320266,0.41242516,2,0.93103933,0,Test
124,0.024782473,0.024782473,0.024782473,0.92565256,2,0.3464209,3,Test
125,0.63933307,0.05412087,0.05412087,0.25242516,2,0.9491822,0,Test
126,0.8073524,0.07618769,0.044099327,0.07236055,2,0.69659215,0,Test
127,0.66769344,0.036870625,0.036870625,0.25856534,2,0.8628073,0,Test
128,0.8457972,0.041937847,0.041937847,0.07032712,2,0.594358,0,Test
129,0.87301755,0.03939604,0.03939604,0.04819038,2,0.5195181,0,Test
130,0.38229144,0.060237203,0.20799273,0.34947857,2,1.2308475,0,Test
131,0.5430643,0.05601148,0.10489783,0.2960264,2,1.0898671,0,Test
132,0.2361701,0.027925802,0.027925802,0.70797825,2,0.7851844,3,Test
133,0.031581186,0.031581186,0.031581186,0.90525645,2,0.41746387,3,Test
134,0.12751558,0.42290556,0.066870995,0.38270783,2,1.1750456,1,Test
135,0.1786439,0.05880739,0.13461074,0.62793803,2,1.0364516,3,Test
136,0.6795273,0.036475662,0.036475662,0.24752137,2,0.8496944,0,Test
137,0.093688965,0.093688965,0.679694,0.1329281,2,0.9743491,2,Test
138,0.024890862,0.024890862,0.024890862,0.9253274,2,0.34759733,3,Test
139,0.078560345,0.078560345,0.67201596,0.17086336,2,0.96870273,2,Test
140,0.02470442,0.02470442,0.02470442,0.92588675,2,0.34557277,3,Test
141,0.068531215,0.068531215,0.33459857,0.528339,2,1.070807,3,Test
142,0.9082753,0.030574879,0.030574879,0.030574879,2,0.4072798,0,Test
143,0.73323935,0.040501393,0.040501393,0.18575788,2,0.79992896,0,Test
144,0.19757035,0.038114447,0.038114447,0.7262007,2,0.8017767,3,Test
145,0.05674214,0.05674214,0.30694664,0.5795691,2,1.0042801,3,Test
146,0.72004944,0.0604619,0.12006248,0.09942615,2,0.8901412,0,Test
147,0.033971976,0.033971976,0.033971976,0.89808404,2,0.44123855,3,Test
148,0.09890428,0.09488875,0.59110385,0.21510309,2,1.0936093,2,Test
149,0.0874273,0.0874273,0.6119407,0.21320465,2,1.0561562,2,Test
150,0.03109327,0.03109327,0.03109327,0.9067201,2,0.41253957,3,Test
151,0.9003917,0.03320277,0.03320277,0.03320277,2,0.43365243,0,Test
152,0.82242393,0.03417842,0.03417842,0.109219216,2,0.63342184,0,Test
153,0.08895624,0.08895624,0.56131375,0.2607738,2,1.1051303,2,Test
154,0.04394969,0.04394969,0.13128829,0.7808123,2,0.7344115,3,Test
155,0.08600495,0.08600495,0.5445683,0.28342184,2,1.110312,2,Test
156,0.02763272,0.02763272,0.02763272,0.91710186,2,0.3768642,3,Test
157,0.07398636,0.07398636,0.4987405,0.3532868,2,1.0998471,2,Test
158,0.08899206,0.08899206,0.70992017,0.11209573,2,0.9191117,2,Test
159,0.09194485,0.09194485,0.5800405,0.23606977,2,1.0955852,2,Test
160,0.89901876,0.033660408,0.033660408,0.033660408,2,0.43817285,0,Test
161,0.029154481,0.029154481,0.029154481,0.91253656,2,0.39271796,3,Test
162,0.609007,0.062210344,0.15462625,0.17415649,2,1.0678334,0,Test
163,0.82678,0.033097252,0.033097252,0.10702543,2,0.6220469,0,Test
164,0.12889865,0.0863215,0.48886323,0.29591665,2,1.1857352,2,Test
165,0.08069444,0.08069444,0.60364014,0.23497103,2,1.0512402,2,Test
166,0.040649336,0.033974256,0.033974256,0.8914022,2,0.46247804,3,Test
167,0.12088877,0.08542839,0.65379006,0.13989283,2,1.0185771,2,Test
168,0.8204452,0.04156186,0.04156186,0.0964311,2,0.65229905,0,Test
169,0.1496442,0.092544824,0.63651484,0.12129614,2,1.0479314,2,Test
170,0.081539094,0.081539094,0.6757663,0.16115555,2,0.96779287,2,Test
171,0.15983826,0.078399494,0.480495,0.28126717,2,1.2016252,2,Test
172,0.114794955,0.09059693,0.67880136,0.11580674,2,0.9786854,2,Test
173,0.027636455,0.027636455,0.027636455,0.91709065,2,0.3769034,3,Test
174,0.030349424,0.030349424,0.030349424,0.9089517,2,0.40498322,3,Test
175,0.33806804,0.07664878,0.30892682,0.2763564,2,1.2818048,0,Test
176,0.048748594,0.048748594,0.048748594,0.8537542,2,0.5768088,3,Test
177,0.08842175,0.08842175,0.6218789,0.20127758,2,1.0470189,2,Test
178,0.08040889,0.08040889,0.68937194,0.14981025,2,0.94618857,2,Test
179,0.81165665,0.047552302,0.047552302,0.09323878,2,0.68027383,0,Test
180,0.5745291,0.0377486,0.0377486,0.34997368,2,0.9332328,0,Test
181,0.13705082,0.08141,0.5341818,0.24735741,2,1.1570535,2,Test
182,0.76060313,0.054289564,0.054410864,0.13069648,2,0.7906544,0,Test
183,0.11738782,0.090868756,0.5215417,0.27020174,2,1.162499,2,Test
184,0.8364061,0.038600843,0.038600843,0.0863922,2,0.61223006,0,Test
185,0.08202145,0.08202145,0.59055907,0.24539806,2,1.0660266,2,Test
186,0.8452341,0.04820263,0.04820263,0.05836059,2,0.60026187,0,Test
187,0.02403931,0.02403931,0.02403931,0.9278821,2,0.33831286,3,Test
188,0.025138807,0.025138807,0.025138807,0.92458355,2,0.35028282,3,Test
189,0.08634253,0.08634253,0.6563935,0.17092143,2,1.0012603,2,Test
190,0.075747356,0.075747356,0.5324177,0.31608754,2,1.0905563,2,Test
191,0.073408864,0.074376576,0.22890264,0.62331194,2,1.0171509,3,Test
192,0.10381365,0.14314632,0.045362987,0.70767707,1,0.8984168,3,Test
193,0.5349943,0.07645356,0.054011945,0.3345402,1,1.0551636,0,Test
194,0.08378713,0.54712474,0.06100629,0.30808187,1,1.0710609,1,Test
195,0.23282826,0.55486876,0.059190325,0.15311266,1,1.1208266,1,Test
196,0.5270872,0.04623099,0.04623099,0.38045081,1,0.98944587,0,Test
197,0.029762508,0.029762508,0.029762508,0.9107125,1,0.3989787,3,Test
198,0.029348634,0.029348634,0.029348634,0.91195416,1,0.39472154,3,Test
199,0.053631853,0.43144345,0.053631853,0.46129283,1,1.033404,3,Test
200,0.37014,0.16364513,0.090609156,0.3756057,1,1.2494488,3,Test
201,0.66766506,0.047007382,0.047007382,0.23832022,1,0.8989458,0,Test
202,0.27435464,0.15451157,0.052730758,0.5184031,1,1.1391356,3,Test
203,0.06585073,0.6540353,0.06585073,0.21426332,1,0.96605873,1,Test
204,0.22061975,0.36031598,0.06302055,0.3560437,1,1.2431213,1,Test
205,0.06602604,0.7548645,0.06602604,0.11308344,1,0.81763947,1,Test
206,0.4605309,0.16821949,0.052276686,0.31897298,1,1.1756865,0,Test
207,0.036431886,0.07590684,0.036431886,0.85122937,1,0.5741648,3,Test
208,0.06784574,0.5348226,0.06784574,0.32948595,1,1.0655856,1,Test
209,0.22561602,0.52547985,0.06604742,0.18285672,1,1.1642001,1,Test
210,0.6132245,0.1053691,0.04937946,0.23202685,1,1.024505,0,Test
211,0.2562333,0.46684566,0.06412236,0.21279867,1,1.2099555,1,Test
212,0.6325162,0.08166681,0.0476002,0.23821682,1,0.98098624,0,Test
213,0.20934159,0.4674579,0.062802106,0.26039842,1,1.207041,1,Test
214,0.52408195,0.20125169,0.05399464,0.22067176,1,1.1523155,0,Test
215,0.21112217,0.3985221,0.06627771,0.32407805,1,1.2400324,1,Test
216,0.37133574,0.3806496,0.06197511,0.18603958,1,1.2207583,1,Test
217,0.798456,0.03142787,0.03142787,0.13868827,1,0.6711798,0,Test
218,0.52960676,0.03307433,0.03307433,0.4042446,1,0.92826813,0,Test
219,0.13312025,0.49725476,0.060165066,0.30945984,1,1.1479232,1,Test
220,0.052420232,0.28032947,0.04770005,0.6195502,1,0.9528388,3,Test
221,0.58006704,0.10984828,0.0495786,0.2605061,1,1.0578864,0,Test
222,0.64674366,0.11763392,0.04936448,0.18625787,1,0.99515533,0,Test
223,0.038372878,0.101229094,0.038372878,0.8220251,1,0.6431782,3,Test
224,0.04932871,0.19837545,0.04932871,0.7029671,1,0.86553305,3,Test
225,0.43822205,0.075466745,0.05259153,0.43371972,1,1.0737603,0,Test
226,0.34255415,0.07524959,0.048015557,0.53418064,1,1.0423825,3,Test
227,0.48306844,0.042214923,0.042214923,0.43250167,1,0.9812076,0,Test
228,0.5214211,0.05144879,0.05144879,0.37568137,1,1.0126598,0,Test
229,0.37810257,0.25993043,0.059599273,0.3023677,1,1.2476957,0,Test
230,0.29432714,0.30309403,0.056764714,0.34581405,1,1.2518408,3,Test
231,0.059391774,0.5651847,0.059391774,0.31603175,1,1.021934,1,Test
232,0.37634993,0.049195904,0.049195904,0.52525824,1,1.0023289,3,Test
233,0.7441223,0.032867778,0.032867778,0.19014207,1,0.76006216,0,Test
234,0.7929064,0.031631485,0.031631485,0.14383064,1,0.68138385,0,Test
235,0.69828904,0.038761117,0.038761117,0.22418876,1,0.83796656,0,Test
236,0.58577275,0.042851623,0.042851623,0.328524,1,0.9489461,0,Test
237,0.12456337,0.55352724,0.06305688,0.2588525,1,1.1109483,1,Test
238,0.06455505,0.31253925,0.04962201,0.57328373,1,1.0083785,3,Test
239,0.54656553,0.14179742,0.051238388,0.26039866,1,1.1097817,0,Test
240,0.5203699,0.20892002,0.05414405,0.21656603,1,1.1562469,0,Test
241,0.058670327,0.058670327,0.16089863,0.7217607,1,0.8620543,3,Test
242,0.055506837,0.6096345,0.055506837,0.27935183,1,0.97892636,1,Test
243,0.91070896,0.029763656,0.029763656,0.029763656,1,0.3989905,0,Test
244,0.90828353,0.030572165,0.030572165,0.030572165,1,0.40725213,0,Test
245,0.87970823,0.032240428,0.032240428,0.055810887,1,0.49526778,0,Test
246,0.053707667,0.37908515,0.053707667,0.5134996,1,1.0240649,3,Test
247,0.8879979,0.031113029,0.031113029,0.049775984,1,0.47075304,0,Test
248,0.06957122,0.54001933,0.06957122,0.3208382,1,1.0683386,1,Test
249,0.062422253,0.365358,0.062422253,0.50979745,1,1.0576406,3,Test
250,0.09633469,0.71649545,0.06603768,0.12113221,1,0.8994378,1,Test
251,0.03188339,0.03188339,0.03188339,0.90434986,1,0.42050132,3,Test
252,0.029540833,0.029540833,0.029540833,0.91137743,1,0.39670098,3,Test
253,0.064725846,0.69348913,0.064725846,0.17705917,1,0.91475433,1,Test
254,0.11511828,0.14424597,0.052000813,0.68863493,1,0.9387876,3,Test
255,0.3090366,0.07413354,0.055939626,0.5608902,1,1.041412,3,Test
256,0.5881409,0.1847366,0.07208382,0.1550387,1,1.1027459,0,Test
257,0.21661308,0.46215826,0.13862255,0.18260616,1,1.2724825,1,Test
258,0.23434262,0.62454,0.070558734,0.070558734,1,1.0081663,1,Test
259,0.087393254,0.73025656,0.10369744,0.07865269,1,0.87756824,1,Test
260,0.35447598,0.459111,0.060321335,0.12609173,1,1.1555238,1,Test
261,0.21231689,0.6453921,0.07114549,0.07114549,1,0.9877167,1,Test
262,0.29628,0.5540421,0.07483895,0.07483895,1,1.0756073,1,Test
263,0.082047895,0.07232332,0.7733055,0.07232332,1,0.7838892,2,Test
264,0.88586783,0.038044054,0.038044054,0.038044054,1,0.48045537,0,Test
265,0.4387452,0.20101695,0.27758843,0.08264938,1,1.2457778,0,Test
266,0.88855714,0.03714761,0.03714761,0.03714761,1,0.4719538,0,Test
267,0.48524895,0.16616723,0.055998158,0.29258567,1,1.1701088,0,Test
268,0.6778058,0.18816873,0.06701273,0.06701273,1,0.94016886,0,Test
269,0.83500797,0.06752603,0.04873299,0.04873299,1,0.6270462,0,Test
270,0.5704909,0.2827831,0.07336302,0.07336302,1,1.0606664,0,Test
271,0.7461105,0.14334163,0.05527395,0.05527395,1,0.81705296,0,Test
272,0.6376536,0.11550641,0.050817672,0.19602233,1,1.0070665,0,Test
273,0.8919868,0.036004398,0.036004398,0.036004398,1,0.4610058,0,Test
274,0.8605235,0.046492167,0.046492167,0.046492167,1,0.55724263,0,Test
275,0.8320076,0.055997476,0.055997476,0.055997476,1,0.6372472,0,Test
276,0.29562974,0.18879963,0.0553417,0.46022895,1,1.1923339,3,Test
277,0.72975874,0.044946212,0.044946212,0.18034883,1,0.8176891,0,Test
278,0.19763607,0.3032612,0.32137525,0.17772746,1,1.354105,2,Test
279,0.8941565,0.035281163,0.035281163,0.035281163,1,0.45401686,0,Test
280,0.49336812,0.38683912,0.059896387,0.059896387,1,1.0531968,0,Test
281,0.3896351,0.29624218,0.06831292,0.24580976,1,1.2558982,0,Test
282,0.6774647,0.061346564,0.08453402,0.17665462,1,0.9501259,0,Test
283,0.15587713,0.7035343,0.0702943,0.0702943,1,0.91038847,1,Test
284,0.8572787,0.043812808,0.043812808,0.05509566,1,0.5657971,0,Test
285,0.44886005,0.43220922,0.05946534,0.05946534,1,1.0577788,0,Test
286,0.5402899,0.04467984,0.04467984,0.37035048,1,0.978251,0,Test
287,0.06341107,0.4039138,0.133172,0.39950314,1,1.1761122,1,Test
288,0.73737097,0.05495641,0.15271628,0.05495641,1,0.8305117,0,Test
289,0.73183835,0.14255044,0.054307852,0.071303256,1,0.85267556,0,Test
290,0.6870541,0.052171048,0.052171048,0.20860377,1,0.892975,0,Test
291,0.54909384,0.2615733,0.06807546,0.12125733,1,1.1187164,0,Test
292,0.6294444,0.19417801,0.060606223,0.115771316,1,1.0291548,0,Test
293,0.67755955,0.06189741,0.19864564,0.06189741,1,0.9292344,0,Test
294,0.13225026,0.1719217,0.08529777,0.61053026,1,1.0814774,3,Test
295,0.039048165,0.039048165,0.061590947,0.86031276,1,0.55437404,3,Test
296,0.91425663,0.028581098,0.028581098,0.028581098,1,0.38677585,0,Test
297,0.882167,0.039277665,0.039277665,0.039277665,1,0.4920378,0,Test
298,0.15695475,0.05075717,0.7415309,0.05075717,1,0.8149787,2,Test
299,0.30034417,0.5516148,0.07402052,0.07402052,1,1.0748323,1,Test
300,0.5381746,0.117897205,0.27713576,0.066792436,1,1.1218807,0,Test
301,0.3615927,0.44334334,0.0723055,0.122758485,1,1.1758721,1,Test
302,0.18152434,0.33503118,0.17984743,0.30359706,1,1.3465728,1,Test
303,0.17497481,0.46027213,0.07630245,0.28845063,1,1.2170842,1,Test
304,0.2867791,0.46393067,0.07471655,0.17457369,1,1.2130287,1,Test
305,0.58522767,0.2090605,0.11542872,0.09028308,1,1.1070809,0,Test
306,0.76921076,0.09766442,0.06609437,0.06703049,1,0.7897359,0,Test
307,0.8050287,0.08244183,0.05626476,0.05626476,1,0.70416415,0,Test
308,0.17592111,0.5142315,0.076138824,0.23370862,1,1.1835177,1,Test
309,0.38674864,0.46552095,0.0738652,0.0738652,1,1.1082536,1,Test
310,0.087091,0.77057403,0.0711675,0.0711675,1,0.78954995,1,Test
311,0.7751937,0.04651897,0.04651897,0.13176839,1,0.749884,0,Test
312,0.71772385,0.06633725,0.06472412,0.1512148,1,0.880864,0,Test
313,0.8558022,0.04806595,0.04806595,0.04806595,1,0.5709287,0,Test
314,0.3265607,0.5432702,0.06508458,0.06508458,1,1.0525734,1,Test
315,0.36322427,0.34722617,0.102276176,0.18727337,1,1.2820538,0,Test
316,0.28547034,0.2998332,0.05988505,0.35481146,1,1.2552688,3,Test
317,0.46187305,0.3721459,0.06617006,0.09981101,1,1.1343344,0,Test
318,0.8710098,0.04299673,0.04299673,0.04299673,1,0.52617276,0,Test
319,0.8964261,0.034524646,0.034524646,0.034524646,1,0.44665307,0,Test
320,0.079263106,0.5583384,0.1944388,0.16795968,1,1.1443903,1,Test
321,0.4127414,0.32493156,0.08088559,0.1814415,1,1.2436106,0,Test
322,0.052506424,0.052506424,0.09385274,0.8011344,1,0.70914495,3,Test
323,0.085465126,0.77615637,0.06918925,0.06918925,1,0.77648956,1,Test
324,0.73593754,0.1552249,0.054418776,0.054418776,1,0.8316424,0,Test
325,0.9077114,0.030762848,0.030762848,0.030762848,1,0.4091903,0,Test
326,0.6746491,0.062363137,0.07739574,0.18559206,1,0.9491777,0,Test
327,0.8631709,0.038072377,0.060684334,0.038072377,1,0.54591227,0,Test
328,0.73235077,0.065501764,0.1366457,0.065501764,1,0.85717225,0,Test
329,0.8658342,0.044721935,0.044721935,0.044721935,1,0.54162586,0,Test
330,0.89567685,0.034774378,0.034774378,0.034774378,1,0.44909003,0,Test
331,0.89174867,0.036083773,0.036083773,0.036083773,1,0.46176982,0,Test
332,0.887031,0.037656326,0.037656326,0.037656326,1,0.47678715,0,Test
333,0.65993947,0.20318078,0.068439886,0.068439886,1,0.96516055,0,Test
334,0.89888716,0.03370427,0.03370427,0.03370427,1,0.438605,0,Test
335,0.040680666,0.040680666,0.18346347,0.7351752,3,0.79779947,3,Test
336,0.038248345,0.038248345,0.06934015,0.85416317,3,0.56935334,3,Test
337,0.17729002,0.03189368,0.03189368,0.75892264,3,0.73582864,3,Test
338,0.043789644,0.043789644,0.1346976,0.7777231,3,0.7395185,3,Test
339,0.041371234,0.041371234,0.051904533,0.865353,3,0.542246,3,Test
340,0.070270985,0.38679576,0.13269584,0.4102374,3,1.1875331,3,Test
341,0.033977844,0.033977844,0.033977844,0.89806646,3,0.44129616,3,Test
342,0.03230772,0.03230772,0.03230772,0.9030768,3,0.4247504,3,Test
343,0.034368083,0.034368083,0.034368083,0.89689577,3,0.44512224,3,Test
344,0.04660641,0.04660641,0.43116045,0.47562668,3,1.0019653,3,Test
345,0.03466128,0.03466128,0.03466128,0.8960162,3,0.44798714,3,Test
346,0.03742246,0.03742246,0.03742246,0.8877326,3,0.47456807,3,Test
347,0.034789566,0.034789566,0.03900317,0.8914177,3,0.4626693,3,Test
348,0.080137044,0.04046292,0.04046292,0.83893704,3,0.6091601,3,Test
349,0.029067935,0.029067935,0.029067935,0.9127962,3,0.39182344,3,Test
350,0.03940647,0.03940647,0.07237076,0.84881634,3,0.58404106,3,Test
351,0.034570377,0.034570377,0.034570377,0.8962889,3,0.44709978,3,Test
352,0.03911485,0.03911485,0.056932643,0.86483765,3,0.54231083,3,Test
353,0.03932789,0.03932789,0.0464797,0.8748645,3,0.51410747,3,Test
354,0.035508975,0.035508975,0.035508975,0.8934731,3,0.45622364,3,Test
355,0.051525127,0.051525127,0.38621414,0.51073563,3,1.0162096,3,Test
356,0.038542967,0.038542967,0.07656417,0.84634984,3,0.58892184,3,Test
357,0.03140441,0.03140441,0.03140441,0.90578675,3,0.41568264,3,Test
358,0.04255869,0.04255869,0.402161,0.51272166,3,0.97754353,3,Test
359,0.03618308,0.03618308,0.03618308,0.89145076,3,0.4627249,3,Test
360,0.03392965,0.03392965,0.03392965,0.89821106,3,0.4408226,3,Test
361,0.059677206,0.32791582,0.07119633,0.5412106,3,1.0542415,3,Test
362,0.033246152,0.033246152,0.033246152,0.9002615,3,0.43408185,3,Test
363,0.032582138,0.032582138,0.032582138,0.90225357,3,0.4274884,3,Test
364,0.22553375,0.041275047,0.041275047,0.69191617,3,0.85383844,3,Test
365,0.04180651,0.04180651,0.10170923,0.8146778,3,0.6648954,3,Test
366,0.07178489,0.30590966,0.19718017,0.4251252,3,1.2352158,3,Test
367,0.22633427,0.041050505,0.041050505,0.6915647,3,0.8534671,3,Test
368,0.63435644,0.053898115,0.0626311,0.24911433,3,0.9658907,0,Test
369,0.031088982,0.031088982,0.031088982,0.90673304,3,0.41249612,3,Test
370,0.035093136,0.035093136,0.035093136,0.8947206,3,0.45219177,3,Test
371,0.03146877,0.03146877,0.03146877,0.9055937,3,0.41633153,3,Test
372,0.15535747,0.040263206,0.040263206,0.7641161,3,0.7535305,3,Test
373,0.036338948,0.036338948,0.036338948,0.89098316,3,0.46422207,3,Test
374,0.046737123,0.046737123,0.08247669,0.8240491,3,0.6516052,3,Test
375,0.038243648,0.038243648,0.04843211,0.8750806,3,0.51304036,3,Test
376,0.034658562,0.034658562,0.034658562,0.8960243,3,0.44796067,3,Test
377,0.035198033,0.035198033,0.035198033,0.8944059,3,0.45321035,3,Test
378,0.031574707,0.031574707,0.031574707,0.9052759,3,0.41739863,3,Test
379,0.040457994,0.040457994,0.07771025,0.8413738,3,0.60339046,3,Test
380,0.075753205,0.037399616,0.037399616,0.84944755,3,0.57986504,3,Test
381,0.040561352,0.040561352,0.08766119,0.8312161,3,0.6270481,3,Test
382,0.036824312,0.036824312,0.042006068,0.88434535,3,0.48500764,3,Test
383,0.041653715,0.041653715,0.089243025,0.82744956,3,0.6371523,3,Test
384,0.09608249,0.06753178,0.0783044,0.7580813,3,0.8165015,3,Test
385,0.13661711,0.059061114,0.14845556,0.65586615,3,0.9988589,3,Test
386,0.41603938,0.054502703,0.1741521,0.35530585,3,1.1954818,0,Test
387,0.06825344,0.062176164,0.11085353,0.7587169,3,0.8092694,3,Test
388,0.29416302,0.059377465,0.059377465,0.587082,3,1.0079635,3,Test
389,0.094061114,0.050510302,0.07395094,0.7814776,3,0.7584275,3,Test
390,0.050620906,0.050620906,0.117919005,0.7808392,3,0.7472948,3,Test
391,0.32148182,0.039370216,0.039370216,0.59977776,3,0.9261315,3,Test
392,0.5120053,0.03745728,0.03745728,0.4130801,3,0.9540175,0,Test
393,0.052117854,0.052117854,0.11480581,0.7809585,3,0.7495157,3,Test
394,0.050702743,0.050702743,0.10451187,0.7940827,3,0.7214935,3,Test
395,0.05147299,0.05147299,0.112818144,0.7842359,3,0.74218136,3,Test
396,0.25717306,0.03590647,0.03590647,0.671014,3,0.85586387,3,Test
397,0.27740642,0.051297296,0.051297296,0.61999905,3,0.9568111,3,Test
398,0.044542737,0.044542737,0.044542737,0.8663718,3,0.5400316,3,Test
399,0.13437471,0.043610502,0.043610502,0.77840436,3,0.73792005,3,Test
400,0.07061084,0.07061084,0.65174204,0.2070363,3,0.97938657,2,Test
401,0.851177,0.043803606,0.043803606,0.061215866,3,0.58219063,0,Test
402,0.11577503,0.0370558,0.0370558,0.8101133,3,0.6644401,3,Test
403,0.04030189,0.16524401,0.04030189,0.75415224,3,0.769134,3,Test
404,0.15080117,0.6538219,0.11400873,0.08136816,3,1.0148087,1,Test
405,0.28657645,0.08663083,0.060707506,0.5660852,3,1.0622486,3,Test
406,0.43088594,0.06649544,0.40424442,0.09837425,3,1.1372781,0,Test
407,0.898419,0.033860322,0.033860322,0.033860322,3,0.44014102,0,Test
408,0.40289173,0.038160466,0.038160466,0.5207873,3,0.95529324,3,Test
409,0.046620518,0.046620518,0.046620518,0.8601385,3,0.5583657,3,Test
410,0.602273,0.06695193,0.10084306,0.22993203,3,1.0557492,0,Test
411,0.05153265,0.05153265,0.10396156,0.79297316,3,0.72492826,3,Test
412,0.30388975,0.03590047,0.03590047,0.6243093,3,0.89496017,3,Test
413,0.8861458,0.037951417,0.037951417,0.037951417,3,0.47958013,0,Test
414,0.75716376,0.05956321,0.103642695,0.07963029,3,0.81506675,0,Test
415,0.34229875,0.061668947,0.049930654,0.5461016,3,1.0187893,3,Test
416,0.05534687,0.8339594,0.05534687,0.05534687,3,0.6319665,1,Test
417,0.6948784,0.19739321,0.0538642,0.0538642,3,0.88793623,0,Test
418,0.04412682,0.04412682,0.04412682,0.8676195,3,0.53632176,3,Test
419,0.04194356,0.04194356,0.04194356,0.8741693,3,0.5166226,3,Test
420,0.060369242,0.035094075,0.035094075,0.8694426,3,0.5262215,3,Test
421,0.14128102,0.04804315,0.04804315,0.76263255,3,0.77482986,3,Test
422,0.17063688,0.03849669,0.03849669,0.75236976,3,0.76657444,3,Test
423,0.060402483,0.723059,0.060402483,0.1561361,3,0.8634777,1,Test
424,0.3636672,0.04102878,0.04102878,0.5542752,3,0.956979,3,Test
425,0.15841524,0.053489722,0.0601732,0.7279219,3,0.8487963,3,Test
426,0.13708255,0.050667565,0.050667565,0.7615823,3,0.7820578,3,Test
427,0.23530392,0.036092322,0.036092322,0.69251144,3,0.8346797,3,Test
428,0.04177823,0.04177823,0.04177823,0.8746653,3,0.51511514,3,Test
429,0.9244715,0.025176175,0.025176175,0.025176175,3,0.35068682,0,Test
430,0.040336303,0.040336303,0.040336303,0.87899107,3,0.5018723,3,Test
431,0.6577183,0.25368547,0.044298116,0.044298116,3,0.899678,0,Test
432,0.35956368,0.31045002,0.06081765,0.26916862,3,1.2544715,0,Test
433,0.042711295,0.042711295,0.042711295,0.8718661,3,0.5235933,3,Test
434,0.041223675,0.041223675,0.041223675,0.876329,3,0.5100425,3,Test
435,0.8409663,0.053131532,0.05295108,0.05295108,3,0.6127802,0,Test
436,0.048750434,0.048750434,0.10669869,0.79580045,3,0.715085,3,Test
437,0.37177888,0.060176734,0.17664161,0.39140275,3,1.2103583,3,Test
438,0.81148374,0.10500132,0.041757498,0.041757498,3,0.671395,0,Test
439,0.054058313,0.054058313,0.12038501,0.7714984,3,0.77045596,3,Test
440,0.043747444,0.043747444,0.043747444,0.86875767,3,0.53292596,3,Test
441,0.18845502,0.116628915,0.45313412,0.2417819,3,1.2670677,2,Test
442,0.32098386,0.077217415,0.5245813,0.077217415,3,1.0987185,2,Test
443,0.3761267,0.2650834,0.0527942,0.30599576,3,1.2373836,0,Test
444,0.12044291,0.077457756,0.2928563,0.509243,3,1.1563671,3,Test
445,0.8558231,0.048058957,0.048058957,0.048058957,3,0.5708684,0,Test
446,0.81999594,0.043725763,0.09255256,0.043725763,3,0.6567135,0,Test
447,0.876651,0.04111634,0.04111634,0.04111634,3,0.50905776,0,Test
448,0.76719207,0.12675901,0.053024497,0.053024497,3,0.77660245,0,Test
449,0.7690451,0.122492075,0.054231413,0.054231413,3,0.77526766,0,Test
450,0.03375854,0.03375854,0.03375854,0.8987244,3,0.43913943,3,Test
451,0.6077554,0.048061997,0.048061997,0.29612058,3,0.95478874,0,Test
452,0.3382788,0.040177777,0.040177777,0.58136564,3,0.9402719,3,Test
453,0.33016795,0.15881751,0.048113413,0.46290118,3,1.1606323,3,Test
454,0.5629828,0.03887176,0.03887176,0.35927373,3,0.9436862,0,Test
455,0.18359172,0.061981164,0.692446,0.061981164,3,0.9104166,2,Test
456,0.5802454,0.28866282,0.06554587,0.06554587,3,1.031718,0,Test
457,0.0552415,0.057231043,0.1687614,0.71876603,3,0.86132264,3,Test
458,0.8746978,0.0417674,0.0417674,0.0417674,3,0.5150163,0,Test
459,0.06530638,0.06530638,0.24222231,0.6271649,3,0.99244654,3,Test
460,0.048446637,0.048446637,0.11668438,0.7864223,3,0.7329421,3,Test
461,0.03893638,0.03893638,0.03893638,0.8831909,3,0.4888468,3,Test
462,0.059867192,0.045190673,0.045190673,0.8497515,3,0.58681166,3,Test
463,0.057815854,0.03436432,0.03436432,0.8734555,3,0.51464665,3,Test
464,0.43148017,0.051410735,0.051410735,0.46569836,3,1.0237329,3,Test
465,0.9055037,0.03149877,0.03149877,0.03149877,3,0.41663384,0,Test
466,0.0581888,0.07574946,0.18807177,0.67799,3,0.9386881,3,Test
467,0.30067495,0.5863434,0.056490805,0.056490805,3,0.9990207,1,Test
468,0.46222293,0.053684413,0.43040824,0.053684413,3,1.0335587,0,Test
469,0.25274456,0.041540556,0.041540556,0.66417426,3,0.8836941,3,Test
470,0.061809774,0.038797874,0.038797874,0.8605945,3,0.553401,3,Test
471,0.17282395,0.43866166,0.2340209,0.15449354,3,1.2932699,1,Test
472,0.0686427,0.07260119,0.196941,0.66181505,3,0.96747595,3,Test
473,0.39700314,0.055202704,0.055202704,0.49259147,3,1.0353637,3,Test
474,0.3625185,0.06027776,0.1089395,0.4682643,3,1.1339452,3,Test
475,0.048094857,0.048094857,0.10219262,0.8016177,3,0.7022426,3,Test
476,0.1649187,0.04073847,0.04073847,0.7536043,3,0.77119255,3,Test
477,0.34907782,0.04644357,0.04644357,0.55803514,3,0.9780298,3,Test
478,0.110285535,0.080425516,0.07866694,0.730622,3,0.87517655,3,Test
479,0.446518,0.10448465,0.054992016,0.3940053,3,1.1224986,0,Test
480,0.037222352,0.037222352,0.037222352,0.88833296,3,0.47266537,3,Test
481,0.55140334,0.04844015,0.3517163,0.04844015,3,0.9890612,0,Test
482,0.051019073,0.051019073,0.051019073,0.8469428,3,0.5961262,3,Test
483,0.06352187,0.29331735,0.06461626,0.5785445,3,1.0284488,3,Test
484,0.077856496,0.05558884,0.114363246,0.7521914,3,0.8215779,3,Test
485,0.05585668,0.05585668,0.6527414,0.23554525,3,0.9412955,2,Test
486,0.06007048,0.06007048,0.13539208,0.74446696,3,0.8282746,3,Test
487,0.21667865,0.044809844,0.044809844,0.6937017,3,0.8633697,3,Test
488,0.39806736,0.046058375,0.046058375,0.50981593,3,0.9936604,3,Test
489,0.05665714,0.18397136,0.05665714,0.7027144,3,0.8846755,3,Test
490,0.048530146,0.8544096,0.048530146,0.048530146,3,0.57493085,1,Test
491,0.4772643,0.39487794,0.064114995,0.06374281,3,1.0715437,0,Test
492,0.8765259,0.039165333,0.04514344,0.039165333,3,0.5091553,0,Test
493,0.67329663,0.06706182,0.10525224,0.15438929,3,0.9729525,0,Test
494,0.8919697,0.034869485,0.03829133,0.034869485,3,0.4609534,0,Test
495,0.70969456,0.055716578,0.055716578,0.17887221,3,0.87298363,0,Test
496,0.15991998,0.0363371,0.0363371,0.76740587,3,0.7372179,3,Test
497,0.07288841,0.046650365,0.046650365,0.83381087,3,0.6283997,3,Test
498,0.10987062,0.07131772,0.28558284,0.5332288,3,1.1241621,3,Test
499,0.7236902,0.038628694,0.038628694,0.19905235,3,0.8067203,0,Test
500,0.5544415,0.042903583,0.042903583,0.35975128,3,0.9649849,0,Test
501,0.04476551,0.061380345,0.04476551,0.8490886,3,0.5883077,3,Test
502,0.12008593,0.048110876,0.048110876,0.7836923,3,0.7375046,3,Test
503,0.056069415,0.24405806,0.056069415,0.6438031,3,0.9508042,3,Test
504,0.17380837,0.72914785,0.048521888,0.048521888,3,0.8280817,1,Test
505,0.23092556,0.64556384,0.061755303,0.061755303,3,0.9649018,1,Test
506,0.6319749,0.2650412,0.051491946,0.051491946,3,0.9474413,0,Test
507,0.060464427,0.060464427,0.19652787,0.68254334,3,0.91971457,3,Test
508,0.87967247,0.04146156,0.03943299,0.03943299,3,0.4997364,0,Test
509,0.48638478,0.3899442,0.061835494,0.061835494,3,1.0620056,0,Test
510,0.87583387,0.04138871,0.04138871,0.04138871,3,0.5115548,0,Test
511,0.07308075,0.041178957,0.041178957,0.84456134,3,0.59657913,3,Test
512,0.06903978,0.66196436,0.06903978,0.1999561,3,0.96404666,1,Test
513,0.13545102,0.080931716,0.0400366,0.7435807,3,0.8234035,3,Test
514,0.13523279,0.03696258,0.03696258,0.79084206,3,0.6999387,3,Test
515,0.68039787,0.03905752,0.03905752,0.24148704,3,0.8584496,0,Test
516,0.1555115,0.04267401,0.04267401,0.75914055,3,0.7678093,3,Test
517,0.82308406,0.05698888,0.06293823,0.05698888,3,0.6608488,0,Test
518,0.03342059,0.03342059,0.03342059,0.89973825,3,0.4358065,3,Test
519,0.10506516,0.31602886,0.053788226,0.52511775,3,1.0962231,3,Test
520,0.61713326,0.03896795,0.03896795,0.30493087,3,0.9129324,0,Test
521,0.8615835,0.046138853,0.046138853,0.046138853,3,0.55414474,0,Test
522,0.29373938,0.049215306,0.054641873,0.6024034,3,0.97221977,3,Test
523,0.056467272,0.3181354,0.056467272,0.5689301,3,1.0098133,3,Test
524,0.9184534,0.027182207,0.027182207,0.027182207,3,0.3721187,0,Test
525,0.04675012,0.04675012,0.04675012,0.8597496,3,0.5594985,3,Test
526,0.07216223,0.07216223,0.45072877,0.40494674,3,1.1046585,2,Test
527,0.26036724,0.042427026,0.042427026,0.65477866,3,0.8957738,3,Test
528,0.45378578,0.3896856,0.07826433,0.07826433,3,1.1245776,0,Test
529,0.49538776,0.38370386,0.060454182,0.060454182,3,1.0547645,0,Test
530,0.18457435,0.6992237,0.058100965,0.058100965,3,0.8927083,1,Test
531,0.47750953,0.068915516,0.35321236,0.10036256,3,1.1356149,0,Test
532,0.21512423,0.6230489,0.078009196,0.083817646,3,1.0321194,1,Test
533,0.32709765,0.041713357,0.041713357,0.58947563,3,0.94212246,3,Test
534,0.31217238,0.5764466,0.055690516,0.055690516,3,1.0026419,1,Test
535,0.08765498,0.77677584,0.06778461,0.06778461,3,0.7744726,1,Test
536,0.6903827,0.040602088,0.040602088,0.2284131,3,0.8532407,0,Test
537,0.46049786,0.048642363,0.048642363,0.44221738,3,1.0120378,0,Test
538,0.2868775,0.05058599,0.05058599,0.6119505,3,0.9606606,3,Test
539,0.043419525,0.043419525,0.119845234,0.79331577,3,0.7103384,3,Test
540,0.6402391,0.26191816,0.04892136,0.04892136,3,0.9316336,0,Test
541,0.037158784,0.037158784,0.037158784,0.88852364,3,0.4720602,3,Test
542,0.066654846,0.056428302,0.093689285,0.78322756,3,0.75593805,3,Test
543,0.45663607,0.11056851,0.052529678,0.3802658,3,1.1238732,0,Test
544,0.8162006,0.04646523,0.04646523,0.09086899,3,0.6689091,0,Test
545,0.18593694,0.7072231,0.053419944,0.053419944,3,0.8707942,1,Test
546,0.077653416,0.5889256,0.084082626,0.24933834,3,1.0647552,1,Test
547,0.040110476,0.040110476,0.040110476,0.8796686,3,0.49978238,3,Test
548,0.56197006,0.036539026,0.036539026,0.3649519,3,0.9335775,0,Test
549,0.37061444,0.17227559,0.06676969,0.39034027,3,1.2187634,3,Test
550,0.035387754,0.035387754,0.035387754,0.89383674,3,0.45505,3,Test
551,0.033618346,0.033618346,0.033618346,0.89914495,3,0.4377582,3,Test
552,0.079909116,0.0670935,0.7859039,0.0670935,3,0.7537888,2,Test
553,0.49944663,0.39656323,0.05199507,0.05199507,3,1.0209901,0,Test
554,0.4854913,0.41401118,0.050248787,0.050248787,3,1.0164789,0,Test
555,0.5949544,0.29461163,0.055216998,0.055216998,3,0.9888567,0,Test
556,0.7593359,0.094764024,0.08313873,0.06276142,3,0.81288826,0,Test
557,0.082943186,0.080515124,0.5852231,0.25131863,3,1.0699577,2,Test
558,0.047740452,0.047740452,0.08139409,0.823125,3,0.65484285,3,Test
559,0.064445175,0.58106875,0.064445175,0.29004088,3,1.0278572,1,Test
560,0.4109302,0.46943262,0.059818584,0.059818584,3,1.0574033,1,Test
561,0.12923352,0.13728826,0.062611505,0.6708667,3,0.97832286,3,Test
562,0.87529826,0.039156206,0.039156206,0.046389345,3,0.5127762,0,Test
563,0.8522813,0.04999662,0.048861053,0.048861053,3,0.58100843,0,Test
564,0.9251504,0.024949875,0.024949875,0.024949875,3,0.34823722,0,Test
565,0.11557278,0.04030506,0.04030506,0.8038171,3,0.68379116,3,Test
566,0.0397195,0.0397195,0.0397195,0.8808415,3,0.496154,3,Test
567,0.1568685,0.03807015,0.03807015,0.7669912,3,0.7428936,3,Test
568,0.036012847,0.036012847,0.036012847,0.89196146,3,0.46108714,3,Test
569,0.86370116,0.045432944,0.045432944,0.045432944,3,0.5479271,0,Test
570,0.20156135,0.08941768,0.08429768,0.6247233,3,1.0411272,3,Test
571,0.18283878,0.6793378,0.06891172,0.06891172,3,0.9419955,1,Test
572,0.08481051,0.04703403,0.04703403,0.82112145,3,0.6586412,3,Test
573,0.4603506,0.055368315,0.055368315,0.42891273,3,1.040644,0,Test
574,0.051102046,0.051102046,0.070698515,0.8270974,3,0.64826185,3,Test
575,0.06568157,0.069241956,0.18439123,0.6806853,3,0.93731165,3,Test
576,0.926872,0.024375994,0.024375994,0.024375994,3,0.34199524,0,Test
577,0.5610875,0.3236503,0.057631075,0.057631075,3,1.0182704,0,Test
578,0.1581666,0.0509649,0.09351365,0.69735485,3,0.9163427,3,Test
579,0.07347389,0.07347389,0.30845675,0.5445955,3,1.0774109,3,Test
580,0.04233604,0.04233604,0.04233604,0.87299186,3,0.52019215,3,Test
581,0.8807665,0.039744496,0.039744496,0.039744496,3,0.49638635,0,Test
582,0.8957061,0.03476463,0.03476463,0.03476463,3,0.448995,0,Test
583,0.15864325,0.04663308,0.055060755,0.7396629,3,0.8177208,3,Test
584,0.54776007,0.053522386,0.19802107,0.20069647,3,1.1293843,0,Test
585,0.72002786,0.043973535,0.19202505,0.043973535,3,0.8281318,0,Test
586,0.18916522,0.039947513,0.039947513,0.73093975,3,0.8013568,3,Test
587,0.21723178,0.050627857,0.68151253,0.050627857,3,0.89505845,2,Test
588,0.043378644,0.043378644,0.043378644,0.86986405,3,0.529614,3,Test
589,0.25252578,0.0458361,0.0458361,0.655802,3,0.9068134,3,Test
590,0.84350556,0.052164804,0.052164804,0.052164804,3,0.6057375,0,Test
591,0.23055626,0.07700534,0.13586561,0.55657285,3,1.1330463,3,Test
592,0.06747728,0.057597686,0.074400075,0.80052495,3,0.7177363,3,Test
593,0.056797136,0.056797136,0.21903075,0.667375,3,0.92831516,3,Test
594,0.06581928,0.053563904,0.13006379,0.75055295,3,0.8165215,3,Test
595,0.047013227,0.047013227,0.047013227,0.85896033,3,0.5617943,3,Test
596,0.4736848,0.04601633,0.04601633,0.4342825,3,0.9995076,0,Test
597,0.13011675,0.05113188,0.08963001,0.72912145,3,0.8639167,3,Test
598,0.046610564,0.035693508,0.035693508,0.8820025,3,0.4915669,3,Test
599,0.047801703,0.047801703,0.059122182,0.8452744,3,0.59999263,3,Test
600,0.3344192,0.054265082,0.076393835,0.5349219,3,1.0555704,3,Test
601,0.3844284,0.053005885,0.111625336,0.45094037,3,1.1270981,3,Test
602,0.13400798,0.042171784,0.042171784,0.78164846,3,0.728928,3,Test
603,0.22051355,0.041855607,0.041855607,0.6957753,3,0.85140914,3,Test
604,0.7275037,0.06577718,0.06577718,0.14094193,3,0.86563075,0,Test
605,0.064635344,0.064635344,0.806094,0.064635344,3,0.704865,2,Test
606,0.05557643,0.04564637,0.04564637,0.8531309,3,0.5779342,3,Test
607,0.042512864,0.042512864,0.042512864,0.8724614,3,0.5217962,3,Test
608,0.047023967,0.047023967,0.05804355,0.84790844,3,0.5926284,3,Test
609,0.044112798,0.042558644,0.042558644,0.8707699,3,0.5268756,3,Test
610,0.050729964,0.050729964,0.050729964,0.8478101,3,0.5936867,3,Test
611,0.043723185,0.043723185,0.043723185,0.86883044,3,0.5327084,3,Test
612,0.20099336,0.057884995,0.124805294,0.6163163,3,1.0454359,3,Test
613,0.121158704,0.08168148,0.45505083,0.342109,3,1.1855679,2,Test
614,0.4332612,0.03665194,0.03665194,0.49343494,3,0.9532946,3,Test
615,0.095115185,0.068534754,0.32560977,0.5107403,3,1.1159915,3,Test
616,0.31709045,0.041211233,0.041211233,0.6004871,3,0.9333058,3,Test
617,0.44167367,0.048636675,0.056151763,0.4535379,3,1.0282775,3,Test
618,0.039220784,0.039220784,0.039220784,0.8823376,3,0.4915067,3,Test
