,class,class_class_logit_0_resnet,class_class_logit_1_resnet,class_class_logit_2_resnet,class_class_logit_3_resnet,class_class_prob_0_resnet,class_class_prob_1_resnet,class_class_prob_2_resnet,class_class_prob_3_resnet,class_pred_label_resnet,crossentropy_loss_resnet,incorrect_class_prob_resnet,correct_resnet,entropy_resnet,split
0,2,-4.579133,-7.22067,3.7054195,-6.296627,0.00025230594,1.7977207e-05,0.99968445,4.5292814e-05,2,0.00031561637,0.000315547,True,0.004407837,Test
1,2,5.84341,-7.505678,-3.5415788,-9.24689,0.9999143,1.5941428e-06,8.396802e-05,2.7946595e-07,0,9.385075,0.999916,False,0.0012975179,Test
2,2,2.0762463,-2.6211827,-0.78897506,-5.234034,0.9374199,0.008548045,0.053405304,0.00062678667,0,2.9298453,0.9465947,False,0.37853116,Test
3,2,-2.782885,-6.822911,3.693162,-8.065682,0.0015374644,2.7054779e-05,0.9984276,7.807561e-06,2,0.0015736351,0.0015723705,True,0.017177533,Test
4,2,6.794248,-10.780023,-4.2723985,-8.381943,0.99998415,2.3312268e-08,1.5624624e-05,2.5648205e-07,0,11.066663,0.9999844,False,0.00027854007,Test
5,2,6.374399,-10.332314,-3.3056114,-8.821618,0.9999373,5.550596e-08,6.2516905e-05,2.5143532e-07,0,9.680074,0.9999375,False,0.0009705553,Test
6,2,0.75104785,0.21278591,-0.87052023,-7.7361608,0.56130683,0.3276696,0.110907845,0.00011567848,0,2.1990557,0.88909215,False,1.348467,Test
7,2,2.5091414,-6.208691,1.1138163,-8.463403,0.8013249,0.00013113,0.19853021,1.3756041e-05,0,1.616814,0.8014698,False,0.7210548,Test
8,2,0.05084999,-3.505932,1.0253509,-4.279115,0.27088943,0.0077286083,0.71781486,0.0035670733,2,0.33154356,0.28218514,True,0.93698347,Test
9,2,1.8401321,-4.3834085,0.640201,-6.364066,0.76718265,0.0015207203,0.2310869,0.00020982677,0,1.4649615,0.7689131,False,0.7985382,Test
10,2,6.775667,-9.111238,-3.9471083,-10.64065,0.9999778,1.2600718e-07,2.203678e-05,2.7301091e-08,0,10.722797,0.99997795,False,0.0003764655,Test
11,2,-2.1107705,-8.3054085,3.868963,-7.6410127,0.00252308,5.1479437e-06,0.9974618,1.0004087e-05,2,0.0025414093,0.0025382042,True,0.025689488,Test
12,2,4.1288466,-4.109033,-2.3390653,-9.875843,0.9981856,0.00026396452,0.0015496475,8.2613616e-07,0,6.469728,0.99845034,False,0.02023399,Test
13,2,1.0213057,-3.7884536,0.7678679,-6.271021,0.5602371,0.0045658327,0.43481573,0.0003813772,0,0.832833,0.56518424,False,1.0305685,Test
14,2,-0.73185503,-3.4851868,0.038302153,-3.0175312,0.30070427,0.01915944,0.64955306,0.03058321,2,0.43147078,0.35044694,True,1.1888177,Test
15,2,3.299074,-5.3508086,-1.226045,-6.5955625,0.989062,0.0001732317,0.010714931,4.9892773e-05,0,4.536117,0.98928505,False,0.08869228,Test
16,2,1.3902409,-3.932459,-0.45319277,-2.694316,0.8474696,0.00413528,0.1341316,0.014263423,0,2.0089338,0.8658684,False,0.71129704,Test
17,2,0.586324,-5.154359,2.1583736,-7.202575,0.17181726,0.0005519755,0.8275596,7.118541e-05,2,0.18927419,0.17244041,True,0.66952914,Test
18,2,-2.4640515,-9.6738,5.3212943,-13.414254,0.00041561053,3.0727884e-07,0.99958414,7.295822e-09,2,0.0004159539,0.0004158616,True,0.0052750185,Test
19,2,1.1895912,-7.0613203,2.873524,-9.186895,0.15656824,4.0867537e-05,0.843386,4.8781253e-06,2,0.17033055,0.156614,True,0.6267728,Test
20,2,-0.5402492,-6.0748954,2.431936,-5.6284275,0.048674416,0.00019214739,0.9508332,0.00030028445,2,0.050416626,0.0491668,True,0.28729966,Test
21,2,-3.9647112,-13.037931,6.83628,-15.50258,2.0378882e-05,2.3373903e-09,0.9999796,1.9876857e-10,2,2.0384581e-05,2.0384789e-05,True,0.00034703742,Test
22,2,2.4561665,-4.7825313,0.4668144,-6.7611885,0.87904245,0.000631369,0.12023896,8.728981e-05,0,2.1182742,0.87976104,False,0.538839,Test
23,2,1.9748966,-4.091486,1.0129462,-7.5831013,0.72226304,0.0016753246,0.27601054,5.101639e-05,0,1.2873162,0.7239895,False,0.86781716,Test
24,2,-0.93503845,-11.971452,5.234305,-12.110998,0.0020882394,3.362999e-08,0.99791175,2.9249803e-08,2,0.0020904134,0.0020882487,True,0.021603758,Test
25,2,3.101311,-4.182063,-1.2423819,-7.2044554,0.98647654,0.0006775755,0.012812827,3.2987504e-05,0,4.3573084,0.98718715,False,0.10754665,Test
26,2,5.4051886,-7.4948983,-4.283993,-6.2277794,0.9999267,2.4976491e-06,6.194556e-05,8.868177e-06,0,9.689255,0.9999381,False,0.0011669978,Test
27,2,-3.1548083,-9.1579685,4.672334,-8.351478,0.000398603,9.849203e-07,0.9995982,2.2062568e-06,2,0.00040189296,0.0004017949,True,0.0051419875,Test
28,2,-0.5796807,-7.824687,3.806195,-9.653674,0.01229871,8.777952e-06,0.98769116,1.4095295e-06,2,0.012385244,0.012308836,True,0.095862605,Test
29,2,-0.45346883,-5.589402,2.3689084,-5.608932,0.05609019,0.00032989777,0.9432564,0.00032351745,2,0.05841718,0.05674362,True,0.32017908,Test
30,2,3.4401536,-5.3303866,-0.9013293,-6.8416567,0.98696554,0.00015321621,0.012847535,3.380402e-05,0,4.3546033,0.98715246,False,0.10183837,Test
31,2,-3.4994123,-5.948079,1.7816544,-1.9539378,0.0049417834,0.00042701323,0.9714533,0.023177942,2,0.028962087,0.028546691,True,0.20911,Test
32,2,-0.058169205,-9.772129,4.6614356,-11.851124,0.008839855,5.34227e-07,0.9911595,6.680822e-08,2,0.008879816,0.008840501,True,0.07301363,Test
33,2,0.47742686,-4.1698074,1.5323548,-4.3922834,0.2571334,0.0024654162,0.7384275,0.00197365,2,0.30323237,0.26157248,True,0.86596453,Test
34,2,5.085415,-5.474556,-3.5620286,-8.111217,0.99979657,2.5928332e-05,0.00017553938,1.8564677e-06,0,8.647647,0.99982446,False,0.0029136678,Test
35,2,-2.232072,-2.9076738,1.481668,-1.7612425,0.022666967,0.011534089,0.92950183,0.03629712,2,0.07310651,0.07049817,True,0.46977195,Test
36,2,-1.6697894,-8.4636545,3.6447456,-7.431135,0.0048953793,5.485903e-06,0.9950837,1.540514e-05,2,0.004928464,0.0049163103,True,0.04498625,Test
37,2,1.0577408,-3.6734293,1.0287443,-4.7824607,0.50424975,0.0044455407,0.48983824,0.0014664878,0,0.7136801,0.51016176,False,1.0509808,Test
38,2,1.1082139,-3.102114,0.68235666,-5.6985064,0.5991047,0.008891611,0.3913409,0.00066279876,0,0.9381762,0.6086591,False,1.0400711,Test
39,2,-2.212817,-7.5446677,3.4014978,-6.0932283,0.0036317299,1.7559836e-05,0.9962758,7.4967385e-05,2,0.0037311953,0.0037242174,True,0.036103234,Test
40,2,0.37681586,-6.905636,2.8707013,-7.436462,0.07628159,5.2443465e-05,0.9236352,3.084298e-05,2,0.07943811,0.076364815,True,0.39025822,Test
41,2,1.3896968,-4.998784,1.4384382,-7.174343,0.4873721,0.0008191785,0.5117157,9.301335e-05,2,0.6699861,0.4882843,True,1.0096204,Test
42,2,-0.4432356,-4.3168135,1.0661207,-3.870527,0.17930539,0.0037266612,0.811145,0.005822903,2,0.20930842,0.18885499,True,0.7628252,Test
43,2,2.6122906,-5.6097565,1.0801007,-10.477935,0.8221435,0.00022088084,0.17763396,1.6979897e-06,0,1.7280303,0.82236606,False,0.67784685,Test
44,2,-3.7797897,-5.755276,2.7676826,-3.1772487,0.0014276656,0.00019800835,0.9957664,0.002607995,2,0.004242587,0.0042335987,True,0.04440926,Test
45,2,3.4603589,-3.2152114,-3.2998927,-5.9356403,0.99750286,0.0012582031,0.0011560436,8.284831e-05,0,6.7627516,0.99884397,False,0.028122474,Test
46,2,1.5622998,-3.8825715,0.8943569,-6.938226,0.65907246,0.0028461353,0.3379475,0.00013402982,0,1.0848649,0.6620525,False,0.9511511,Test
47,2,0.10778451,-2.198321,0.049871877,-4.731392,0.48749703,0.04857838,0.46006674,0.0038578424,0,0.77638376,0.53993326,False,1.2635273,Test
48,2,0.10450192,-4.814075,2.1589463,-5.8065577,0.11347493,0.00082944764,0.8853882,0.00030743933,2,0.12172907,0.114611804,True,0.52382773,Test
49,2,-1.9136977,-8.806044,4.6778183,-10.127326,0.0013700763,1.3913518e-06,0.99862814,3.7120287e-07,2,0.0013728251,0.0013718605,True,0.0150442505,Test
50,2,1.0408117,-3.6972494,-0.055166166,-1.7041305,0.7106208,0.006221917,0.23749848,0.045658823,0,1.437594,0.76250154,False,1.0917162,Test
51,2,1.1718686,-1.5608591,-0.46225518,-5.593123,0.79282117,0.051566396,0.15469785,0.00091448514,0,1.8662814,0.84530216,False,0.9118646,Test
52,2,1.7768416,-4.3302746,0.3812187,-5.407863,0.7995755,0.0017806255,0.19803782,0.0006061524,0,1.6192973,0.8019622,False,0.74340636,Test
53,2,-4.6061735,-7.186136,3.474674,-3.3664587,0.0003089755,2.3413208e-05,0.9986002,0.0010673958,2,0.0014008004,0.0013998151,True,0.016517963,Test
54,2,7.0783706,-8.216073,-3.7183936,-13.533118,0.99997926,2.2787607e-07,2.0465191e-05,1.1182408e-09,0,10.796785,0.99997956,False,0.0003536755,Test
55,2,-2.3990612,-6.3665833,2.204268,-2.8060906,0.009852156,0.00018640532,0.9834035,0.006557836,2,0.016735751,0.016596496,True,0.1392823,Test
56,2,0.9050907,-2.0754342,-2.430651,-0.51184195,0.7525525,0.03820421,0.026781978,0.18246132,0,3.620026,0.973218,False,1.0762885,Test
57,2,2.0145004,-2.9448407,-1.0106151,-3.9138086,0.9449718,0.0066313874,0.045880474,0.0025164422,0,3.0817158,0.9541195,False,0.35086283,Test
58,2,-2.940084,-12.370316,6.514137,-13.659774,7.8352e-05,6.2885763e-09,0.9999217,1.732001e-09,2,7.831743e-05,7.83205e-05,True,0.0011819054,Test
59,2,3.1290963,-2.0398755,-2.699469,-6.990275,0.9914015,0.0056414865,0.002916995,3.9945e-05,0,5.837201,0.997083,False,0.07964018,Test
60,2,2.8263237,-5.360028,-2.532994,-1.8637364,0.9860292,0.00027453795,0.004638394,0.009057797,0,5.373387,0.9953616,False,0.12069147,Test
61,2,-0.47119692,-6.2781672,2.7100093,-6.579257,0.039870802,0.0001198726,0.9599206,8.870704e-05,2,0.040904693,0.040079415,True,0.24474367,Test
62,2,5.638611,-7.58822,-4.146662,-7.9501915,0.99994063,1.8015002e-06,5.627096e-05,1.2543893e-06,0,9.785332,0.99994373,False,0.00093891873,Test
63,2,3.7505975,-2.3539965,-4.432191,-5.367188,0.9973852,0.0022267494,0.00027869098,0.0001094105,0,8.185407,0.9997213,False,0.028117822,Test
64,2,-1.5556611,-4.5669236,1.85211,-4.2586894,0.031934503,0.0015721193,0.9643537,0.0021396854,2,0.036297154,0.03564632,True,0.24279016,Test
65,2,-4.166053,-6.3598704,3.874625,-6.9078465,0.00032196855,3.589639e-05,0.9996214,2.0752364e-05,2,0.0003786562,0.0003786087,True,0.005134074,Test
66,2,-3.7563357,-7.1377583,3.5429575,-5.6395154,0.0006754745,2.2965509e-05,0.99919873,0.00010274352,2,0.0008015995,0.00080126524,True,0.00998452,Test
67,2,-0.6941532,-3.8650935,-0.4067534,1.1917405,0.111517966,0.0046797525,0.14864865,0.73515356,3,1.9061698,0.8513514,False,1.1242425,Test
68,2,-0.14396732,-6.9809785,3.286151,-8.564953,0.031366065,3.3665387e-05,0.9685933,6.90673e-06,2,0.03191045,0.0314067,True,0.20187233,Test
69,2,1.8927982,-4.9739237,1.5427189,-9.830163,0.58627564,0.00061083277,0.4131087,4.752087e-06,0,0.88404447,0.5868913,False,0.9851243,Test
70,2,-4.192366,-9.069405,4.284398,-5.3656187,0.00020819428,1.5863468e-06,0.9997259,6.440683e-05,2,0.0002741438,0.00027412176,True,0.0038690239,Test
71,2,-0.36239624,-3.7676234,1.4317989,-3.2131703,0.14073347,0.0046722493,0.84646,0.008134334,2,0.16669236,0.15354002,True,0.6943293,Test
72,2,-2.119814,-0.58685195,-1.9961705,1.1833736,0.029444084,0.13638133,0.033319283,0.80085534,3,3.401619,0.9666807,False,0.961845,Test
73,2,4.3212023,-6.6409097,-2.5026073,-6.712866,0.9988802,1.7327204e-05,0.0010863519,1.6124213e-05,0,6.82493,0.99891365,False,0.012841915,Test
74,2,1.1067836,-5.4232683,1.7583448,-8.178182,0.34245571,0.000499619,0.6570128,3.178303e-05,2,0.4200517,0.34298718,True,0.93354833,Test
75,2,1.8501368,-3.6463344,0.3781495,-6.5508404,0.8105075,0.0033240672,0.18598635,0.00018207864,0,1.6820819,0.81401366,False,0.7266343,Test
76,2,1.7619886,-4.259484,0.99798363,-6.700455,0.6809973,0.0016521639,0.31720662,0.00014386413,0,1.148202,0.6827934,False,0.9200215,Test
77,2,6.081659,-7.863549,-4.2061095,-8.583044,0.9999646,8.783304e-07,3.4045806e-05,4.2774494e-07,0,10.287804,0.99996597,False,0.00058302603,Test
78,2,1.6154805,-0.25772086,-3.1498568,-3.2775736,0.8549569,0.13134792,0.007284244,0.0064108833,0,4.922042,0.9927158,False,0.6763729,Test
79,2,2.4257133,-5.758286,1.5505714,-11.161323,0.7056748,0.00019694229,0.29412732,8.868084e-07,0,1.2237426,0.70587265,False,0.87662137,Test
80,2,1.7729475,-4.083419,0.91165626,-7.658381,0.7014798,0.002007371,0.29645658,5.6239456e-05,0,1.2158545,0.7035434,False,0.8976231,Test
81,2,0.9634397,-3.5663338,0.28877413,-3.2576919,0.65155417,0.0070257843,0.33185393,0.009566135,0,1.1030604,0.6681461,False,1.0452186,Test
82,2,2.8148828,-2.5812972,-0.6912401,-9.823633,0.96660364,0.004382452,0.029010728,3.1362517e-06,0,3.5400896,0.9709893,False,0.22992234,Test
83,2,-1.707646,-2.3870766,-1.8746144,3.0127106,0.008728946,0.0044247513,0.007386665,0.9794597,3,4.908079,0.9926133,False,0.17593922,Test
84,2,0.5182717,-2.5342753,-1.8847948,0.34647354,0.50509447,0.023859883,0.045680836,0.42536488,0,3.0860765,0.9543192,False,1.3542495,Test
85,2,3.3568916,-1.8271384,-2.7044408,-7.6994133,0.99211043,0.005561147,0.0023128989,1.5662741e-05,0,6.0692534,0.9976871,False,0.07349456,Test
86,2,0.95115256,-0.84680116,-2.3655317,-2.7022903,0.8144568,0.13490458,0.029542716,0.021095896,0,3.521918,0.97045726,False,0.89857185,Test
87,2,-0.8548299,-2.6713881,-2.1817832,2.0278406,0.051840927,0.008428523,0.013752582,0.9259779,3,4.2865286,0.9862474,False,0.46721092,Test
88,2,-0.52170455,-2.6226184,-0.86377156,0.7810874,0.18141575,0.02219523,0.12885971,0.6675293,3,2.049031,0.8711403,False,1.3388515,Test
89,2,0.8306916,-0.09156899,-2.5777829,-1.6341827,0.65974796,0.26232845,0.021832146,0.05609146,0,3.8243718,0.97816783,False,1.2558737,Test
90,2,-2.6294343,-4.1705036,1.0841067,-0.3313352,0.019168796,0.004105037,0.78589624,0.19082999,2,0.24093047,0.21410376,True,0.87109023,Test
91,2,-5.608398,-7.524046,3.9315474,-3.5210497,7.1873146e-05,1.0583066e-05,0.999338,0.0005795496,2,0.0006622267,0.0006620288,True,0.008350665,Test
92,2,2.3026173,-1.5182915,-3.1922588,-3.2542658,0.97099024,0.02127234,0.003988601,0.0037487918,0,5.524315,0.9960114,False,0.22140607,Test
93,2,2.2083936,-1.1180149,-3.3997018,-3.3644845,0.9584148,0.03442807,0.0035155131,0.0036415257,0,5.65057,0.99648446,False,0.28421885,Test
94,2,0.21075103,-4.2406693,1.142149,-5.799872,0.28151813,0.003283062,0.71450835,0.00069044,2,0.3361606,0.28549165,True,0.89567,Test
95,2,-3.8231466,-6.8872232,3.5080457,-4.5574956,0.00065413874,3.0546256e-05,0.99900144,0.00031386726,2,0.0009990707,0.0009985566,True,0.01247025,Test
96,2,4.7687645,-7.140878,-3.1081357,-7.3415537,0.9996086,6.722606e-06,0.0003792588,5.50029e-06,0,7.8772917,0.99962074,False,0.0050864764,Test
97,2,-2.980737,-5.2694535,2.9271748,-6.924865,0.0027096025,0.0002747442,0.9969631,5.247987e-05,2,0.003041525,0.0030369163,True,0.03147747,Test
98,2,-3.3586743,-4.06637,2.4243,-4.9771323,0.003063589,0.0015096702,0.9948196,0.00060721603,2,0.005193908,0.0051804185,True,0.05367358,Test
99,2,0.3674754,-3.276071,0.9397801,-3.7163436,0.35519564,0.009291707,0.62953,0.0059825676,2,0.4627817,0.37047,True,1.057625,Test
100,2,1.2557768,-3.888461,-1.276083,-0.60719526,0.8060911,0.004701863,0.06409311,0.12511393,0,2.7474184,0.9359069,False,0.91626215,Test
101,2,3.2735355,-4.6918044,-2.0870504,-4.6483946,0.9946209,0.00034542562,0.0046728794,0.00036075054,0,5.3659797,0.9953271,False,0.052012317,Test
102,2,-3.8231466,-6.8872232,3.5080457,-4.5574956,0.00065413874,3.0546256e-05,0.99900144,0.00031386726,2,0.0009990707,0.0009985566,True,0.01247025,Test
103,2,0.21075103,-4.2406693,1.142149,-5.799872,0.28151813,0.003283062,0.71450835,0.00069044,2,0.3361606,0.28549165,True,0.89567,Test
104,2,5.455451,-7.1270266,-4.400614,-6.317629,0.99993634,3.4314032e-06,5.2424923e-05,7.708834e-06,0,9.856129,0.99994755,False,0.0010304246,Test
105,2,0.6457132,-3.1025693,-0.59430707,-0.94400996,0.6592311,0.015530281,0.19076721,0.13447134,0,1.6567013,0.8092328,False,1.3348109,Test
106,2,5.755257,-6.527207,-2.1788893,-13.672162,0.9996371,4.630587e-06,0.00035816766,3.6527605e-09,0,7.9345093,0.99964184,False,0.0047054654,Test
107,2,-3.884212,-4.6383505,0.9510843,1.1047909,0.0036478199,0.0017159927,0.45917264,0.5354636,3,0.7783291,0.5408274,False,1.0434356,Test
108,2,-3.6795456,-4.119059,0.16814807,2.7505324,0.0014953237,0.0009635114,0.07010797,0.9274332,3,2.657719,0.92989206,False,0.39329916,Test
109,2,3.4024754,-5.400307,-2.6232808,-3.9822307,0.9968233,0.00014983681,0.0024080507,0.00061870145,0,6.028938,0.997592,False,0.034018554,Test
110,2,3.668741,-6.050983,-2.0467176,-5.1583395,0.9965108,5.9876947e-05,0.0032831428,0.000146194,0,5.718954,0.99671686,False,0.03481572,Test
111,2,-4.2767596,-4.683243,-0.92454237,4.3656445,0.00017552568,0.000116898096,0.0050140684,0.99469346,3,5.2955074,0.99498594,False,0.049658626,Test
112,2,2.3119326,-4.764128,-1.0803885,-2.9705238,0.9619495,0.0008129393,0.03235087,0.004886643,0,3.4311144,0.9676491,False,0.25983477,Test
113,2,4.476707,-6.56839,-3.4326706,-4.797892,0.99952316,1.5957618e-05,0.00036710798,9.373152e-05,0,7.9098544,0.9996329,False,0.0063855443,Test
114,2,-1.2550802,-0.64439994,-2.6311183,1.355179,0.05989159,0.11030135,0.015127254,0.8146798,3,4.1912575,0.98487276,False,0.92642754,Test
115,2,5.6387415,-8.470757,-3.7316632,-7.156346,0.9999113,7.452197e-07,8.5201296e-05,2.7741212e-06,0,9.370494,0.9999148,False,0.0013461444,Test
116,2,-0.4844302,1.1120063,-3.2943516,-1.8843372,0.16019882,0.79064745,0.009645528,0.039508212,1,4.641261,0.9903545,False,0.9399622,Test
117,2,4.2983694,-3.8645687,-3.769983,-7.017009,0.9993899,0.00028484984,0.0003131078,1.2176673e-05,0,8.068963,0.9996869,False,0.008078455,Test
118,2,3.1253488,-1.4405484,-3.9733906,-5.3428364,0.98869264,0.010282943,0.000816804,0.00020767063,0,7.110111,0.9991832,False,0.09504419,Test
119,2,1.7812339,-3.1890044,-0.66921645,-5.8367076,0.9143378,0.006346871,0.07886596,0.00044944522,0,2.5400057,0.92113405,False,0.45846212,Test
120,2,-2.569902,-5.2467756,2.8247364,-6.0240684,0.0045182873,0.0003107579,0.9950282,0.00014283953,2,0.0049842154,0.0049718022,True,0.047798056,Test
121,2,3.364735,-5.9059415,-2.496708,-2.393113,0.99393785,9.3574075e-05,0.002829874,0.003138757,0,5.867523,0.99717015,False,0.060027257,Test
122,2,6.5038877,-6.5245543,-4.66656,-10.560096,0.9999838,2.1969101e-06,1.4084094e-05,3.883282e-08,0,11.1704645,0.99998593,False,0.00029278395,Test
123,2,0.46819434,-3.2027612,-0.48775864,-0.6945974,0.5805481,0.014776192,0.22318918,0.18148644,0,1.4997356,0.7768108,False,1.4750326,Test
124,2,0.8261008,-1.6387267,-2.6581202,0.32098547,0.58168715,0.04945708,0.017844794,0.35101092,0,4.0260434,0.9821552,False,1.3030449,Test
125,2,0.94498825,-2.7730956,1.048201,-6.180241,0.4686448,0.011378905,0.51959926,0.0003770474,2,0.6546975,0.48040074,True,1.0809755,Test
126,2,6.6909113,-9.283918,-4.14824,-9.841311,0.9999801,1.1540138e-07,1.9615876e-05,6.609038e-08,0,10.839171,0.9999804,False,0.0003395304,Test
127,2,1.7313617,-1.6778766,-0.5647831,-5.3028765,0.88137275,0.029143803,0.088706724,0.00077665603,0,2.4224195,0.91129327,False,0.6272541,Test
128,2,2.3594453,-4.3749485,-0.90718883,-4.8353734,0.9614697,0.0011434718,0.036665227,0.0007215487,0,3.3059263,0.9633348,False,0.24808016,Test
129,2,3.170913,-4.6867294,-1.3712001,-6.4461617,0.9890176,0.00038253696,0.010533902,6.585085e-05,0,4.5531564,0.9894661,False,0.0902094,Test
130,2,3.2085292,-7.0617046,0.41052797,-8.063478,0.9425256,3.265782e-05,0.057429716,1.1992848e-05,0,2.8571935,0.94257027,False,0.31789955,Test
131,2,1.9368967,-4.016654,-0.19362451,-4.639973,0.8906589,0.0023126886,0.105788335,0.0012399754,0,2.246315,0.89421165,False,0.5238452,Test
132,2,1.6536752,1.0591637,-4.1237926,-5.131135,0.64264894,0.35463428,0.0019899926,0.00072672183,0,6.2196245,0.99801,False,0.96576685,Test
133,2,1.2037995,-3.4377105,-0.84607375,-1.2360337,0.8159471,0.007868281,0.10505417,0.071130514,0,2.253279,0.89494586,False,0.9071967,Test
134,2,2.2652647,-0.6305048,-3.305402,-4.749116,0.94342893,0.052130565,0.0035925212,0.00084801286,0,5.628901,0.99640745,False,0.33925477,Test
135,2,1.9980882,-1.05299,-2.0336146,-5.619033,0.9384878,0.044397876,0.01665261,0.00046169473,0,4.095188,0.9833474,False,0.3889534,Test
136,2,1.4398754,-4.4425516,-0.17659545,-4.087113,0.82962465,0.0023130018,0.1647621,0.0033002074,0,1.8032527,0.8352379,False,0.6996512,Test
137,2,0.46527836,-6.3934836,2.7204545,-8.34795,0.09489312,9.965799e-05,0.90499306,1.411557e-05,2,0.09982798,0.09500694,True,0.45429483,Test
138,2,1.6030474,-2.3050292,-2.5004249,-0.40899923,0.85447514,0.01715708,0.014111854,0.11425592,0,4.2607403,0.9858881,False,0.7388256,Test
139,2,-3.3242788,-9.966448,4.840216,-8.320344,0.0002844986,3.710421e-07,0.99971324,1.9244942e-06,2,0.00028677643,0.00028675795,True,0.0038093033,Test
140,2,0.46160197,-1.0256286,-2.9339736,-0.18444723,0.560654,0.12670651,0.018793827,0.29384568,0,3.974227,0.9812062,False,1.4726278,Test
141,2,-0.1570552,-1.796517,0.3908931,-3.5042696,0.33795577,0.06559196,0.58456224,0.011890035,2,0.536892,0.41543776,True,1.3155422,Test
142,2,7.5498605,-9.748705,-5.315922,-9.882804,0.9999974,3.0713377e-08,2.5850018e-06,2.685893e-08,0,12.865785,0.99999744,False,5.3206877e-05,Test
143,2,2.9930851,-5.58044,-0.70281255,-6.3268876,0.97551084,0.00018441545,0.024217214,8.742169e-05,0,3.7206917,0.9757828,False,0.168354,Test
144,2,0.5358765,-4.635653,-1.0612398,-1.9727693,0.775474,0.004401497,0.15701763,0.06310681,0,1.8513972,0.84298235,False,0.9898783,Test
145,2,-6.983121,-8.008904,3.944553,-2.24747,1.7917348e-05,6.423645e-06,0.9979342,0.0020414586,2,0.0020679296,0.0020657778,True,0.02161338,Test
146,2,4.8164515,-8.369084,-1.0808493,-9.706329,0.9972583,1.8724162e-06,0.0027393184,4.916362e-07,0,5.9000463,0.9972607,False,0.027312836,Test
147,2,2.6233048,0.030008288,-4.472158,-5.435041,0.92943835,0.06949703,0.0007703715,0.00029412063,0,7.1686378,0.9992296,False,0.37688592,Test
148,2,1.965854,-6.0446906,2.2197473,-11.148655,0.43680176,0.00014499371,0.5630524,8.80492e-07,2,0.5743826,0.43694758,True,0.99040097,Test
149,2,-2.4421911,-6.819308,3.567301,-6.3719907,0.0024491278,3.076477e-05,0.99747187,4.811949e-05,2,0.0025313022,0.002528131,True,0.026036382,Test
150,2,-3.6434388,-3.4186,0.7923562,-0.16085228,0.0083882,0.010503039,0.70812505,0.27298373,2,0.3451346,0.29187495,True,0.99081576,Test
151,2,3.676447,-5.204426,-0.8352159,-8.817765,0.98899955,0.00013749347,0.010859398,3.7070522e-06,0,4.522724,0.9891406,False,0.08847017,Test
152,2,7.2018647,-9.669147,-5.442089,-8.94498,0.99999666,4.7098954e-08,3.2270034e-06,9.716568e-08,0,12.643956,0.9999968,False,6.7090325e-05,Test
153,2,0.9169209,-2.4847999,0.036289923,-2.8811886,0.68015635,0.022660017,0.28193927,0.015244414,0,1.2660636,0.71806073,False,1.1089998,Test
154,2,-2.155792,-2.6267292,-1.1711988,2.3813822,0.010232529,0.0063893623,0.02738964,0.9559885,3,3.5975904,0.97261035,False,0.31845862,Test
155,2,-0.6067116,-9.956291,4.3294597,-9.564847,0.007130817,6.203951e-07,0.9928676,9.1763684e-07,2,0.007157991,0.007132411,True,0.06113919,Test
156,2,-0.35059947,0.57351846,-2.946095,-0.768465,0.2351445,0.5924806,0.017543871,0.15483107,1,4.043051,0.98245615,False,1.4575069,Test
157,2,-5.2566752,-8.178197,3.984393,-4.2401757,9.693809e-05,5.220277e-06,0.99963,0.00026788883,2,0.00037007636,0.00037002563,True,0.005096562,Test
158,2,0.7783061,-3.7811007,1.7371359,-8.36559,0.27630284,0.0028924118,0.7207752,2.9528519e-05,2,0.32742798,0.2792248,True,0.8780454,Test
159,2,-2.7281165,-5.887987,2.8388937,-4.58221,0.0038044571,0.00016142771,0.9954384,0.0005957583,2,0.0045720567,0.004561603,True,0.045562547,Test
160,2,-0.28502727,-3.302302,0.13828462,-2.2384229,0.36795324,0.018005572,0.5618685,0.052172747,2,0.5764875,0.4381315,True,1.3246762,Test
161,2,-3.2578254,-4.9180446,0.3259679,0.8648479,0.010108771,0.0019216503,0.36401555,0.62395394,3,1.0105587,0.6359844,False,1.0396453,Test
162,2,0.79230213,-6.6500983,2.1400619,-6.421465,0.20618065,0.000120796525,0.79354674,0.00015182681,2,0.23124284,0.20645326,True,0.737919,Test
163,2,6.6039367,-9.09955,-3.7948365,-10.22485,0.99996936,1.5137313e-07,3.0468907e-05,4.9128943e-08,0,10.398804,0.99996954,False,0.00050592487,Test
164,2,-0.089675814,-2.967591,0.7028225,-2.197823,0.2952794,0.016610034,0.6522451,0.035865467,2,0.42733485,0.3477549,True,1.1921595,Test
165,2,-1.7028977,-5.4317536,2.6697366,-6.455982,0.01245566,0.0002991888,0.9871377,0.00010743067,2,0.012945774,0.012862325,True,0.10216302,Test
166,2,3.325459,-4.4934726,-2.376542,-4.7508836,0.99596417,0.00040042843,0.0033258,0.00030955137,0,5.706045,0.9966742,False,0.04131679,Test
167,2,1.1275749,-6.518454,2.1454773,-8.1768875,0.26539612,0.000126843,0.7344529,2.4155603e-05,2,0.30862942,0.2655471,True,0.8369435,Test
168,2,1.269482,-6.6803327,1.5260619,-6.96147,0.43608692,0.00015381991,0.5636432,0.00011612243,2,0.57333386,0.43635678,True,0.9918137,Test
169,2,0.8077556,-7.883678,3.6799843,-11.195243,0.0535431,8.996254e-06,0.94644755,3.2799528e-07,2,0.055039708,0.05355245,True,0.3014319,Test
170,2,-4.196076,-6.491067,3.5510147,-4.609371,0.00043166906,4.3495944e-05,0.9992393,0.00028553468,2,0.0007609809,0.0007606745,True,0.009914209,Test
171,2,0.71227777,-2.5141191,-0.47172284,-2.454637,0.72052056,0.028604869,0.22051667,0.030357968,0,1.5117819,0.7794833,False,1.1214141,Test
172,2,-1.3098092,-5.4510684,2.915428,-7.272501,0.014407315,0.00022911686,0.9853264,3.706967e-05,2,0.014782303,0.014673591,True,0.11245973,Test
173,2,-1.6612823,-2.5542045,-0.037378255,-0.11245338,0.08937933,0.03659704,0.45340848,0.42061517,2,0.79096186,0.5465915,True,1.5289558,Test
174,2,0.5200119,0.726913,-3.7859244,-1.6807956,0.42479748,0.5224418,0.0057297745,0.047030903,1,5.162079,0.9942702,False,1.2641282,Test
175,2,-1.9568663,-2.738359,1.1025218,-2.4424407,0.04275774,0.019571168,0.9113603,0.026310707,2,0.09281692,0.08863968,True,0.56563795,Test
176,2,-1.5485166,-2.110086,0.33901677,-1.565201,0.1092081,0.062282845,0.72110784,0.10740115,2,0.32696655,0.27889216,True,1.284219,Test
177,2,0.91734695,-4.627877,2.048941,-7.6870956,0.2436241,0.0009516124,0.7553796,4.46538e-05,2,0.28053483,0.24462038,True,0.8122472,Test
178,2,-5.3849263,-6.8325963,4.3934937,-6.463362,5.665622e-05,1.3320867e-05,0.9999107,1.9270316e-05,2,8.928377e-05,8.928776e-05,True,0.0014455756,Test
179,2,2.8281097,-4.4178753,-0.34318572,-7.16667,0.95904136,0.0006838266,0.040231038,4.3768305e-05,0,3.2131164,0.95976895,False,0.25218028,Test
180,2,6.4723973,-11.028483,-4.085488,-7.19861,0.9999728,2.5087193e-08,2.5987047e-05,1.1554342e-06,0,10.557912,0.999974,False,0.0004583785,Test
181,2,1.3803786,-5.866375,2.3833017,-9.756766,0.26831475,0.00019116986,0.7314902,3.9070046e-06,2,0.31267148,0.2685098,True,0.8416611,Test
182,2,1.310762,-5.81291,2.1197245,-9.132807,0.3080324,0.00024821327,0.6917104,8.974539e-06,2,0.3685879,0.3082896,True,0.8942466,Test
183,2,-1.1815003,-3.9335258,1.4829282,-2.0379379,0.06309861,0.004025597,0.9060796,0.026796231,2,0.09862814,0.09392041,True,0.5524083,Test
184,2,4.2172728,-6.8462553,-1.4369183,-7.1961474,0.99648285,1.5618547e-05,0.0034904857,1.1007397e-05,0,5.6577144,0.9965095,False,0.03398651,Test
185,2,-0.17709316,-7.514643,3.175262,-7.85111,0.033816848,2.2002685e-05,0.96614546,1.571629e-05,2,0.0344409,0.033854544,True,0.21382973,Test
186,2,7.6320143,-12.334557,-3.1887043,-12.008048,0.99998,2.1311761e-09,1.9980798e-05,2.954069e-09,0,10.820739,0.99998003,False,0.00034087268,Test
187,2,-4.9562516,-4.5772552,-0.73369145,4.525955,7.5787546e-05,0.000110711735,0.005169307,0.99464417,3,5.2650166,0.99483067,False,0.04946341,Test
188,2,-4.715862,-5.4711285,1.7500334,0.28102028,0.001262211,0.0005930944,0.81139916,0.18674555,2,0.20899516,0.18860084,True,0.7152463,Test
189,2,-3.1978595,-11.547113,5.6029406,-9.831946,0.00015058975,3.5625437e-08,0.9998491,1.9799226e-07,2,0.00015090757,0.00015091896,True,0.0021348835,Test
190,2,-2.543351,-2.875115,0.8566492,-4.8129754,0.03146127,0.022578392,0.94270873,0.0032515526,2,0.058997903,0.05729127,True,0.38759232,Test
191,2,-0.26116386,-2.548699,1.7092855,-8.933751,0.12083735,0.012266974,0.866875,2.068923e-05,2,0.1428605,0.133125,True,0.62528884,Test
192,1,0.2465007,2.8682156,-5.1789722,-6.001464,0.067724824,0.9318461,0.00029819127,0.00013100605,1,0.07058762,0.06815392,True,0.36313286,Test
193,1,3.827057,-0.43497518,-4.7789836,-8.625107,0.9859205,0.013895203,0.00018042047,3.854215e-06,0,4.2762117,0.9861048,False,0.10820511,Test
194,1,1.9214544,2.2684684,-4.505762,-9.374452,0.41382748,0.5854982,0.00066913635,5.141264e-06,1,0.53529215,0.4145018,True,0.9860658,Test
195,1,0.3547106,2.1149986,-4.4327602,-3.1896267,0.14595701,0.84861034,0.0012163336,0.00421637,1,0.16415519,0.15138966,True,0.65124995,Test
196,1,-0.58102703,4.3491783,-5.003901,-8.41202,0.007172555,0.99273854,8.6068525e-05,2.849161e-06,1,0.007287941,0.007261455,True,0.062744945,Test
197,1,1.7391515,1.048057,-4.023006,-5.6946597,0.6645567,0.3329611,0.0020895794,0.00039270718,0,1.0997297,0.6670389,False,0.9430934,Test
198,1,-1.5858994,4.4672055,-5.0067086,-6.699551,0.0023448276,0.99756444,7.664297e-05,1.4101983e-05,1,0.00243855,0.002435565,True,0.025269676,Test
199,1,-0.8334459,3.2360733,-4.94469,-6.444902,0.016792936,0.9828705,0.0002751921,6.139066e-05,1,0.017277913,0.01712948,True,0.12762463,Test
200,1,0.6989751,0.33832812,-1.693962,-8.898272,0.55907965,0.38980436,0.051078044,3.7970178e-05,0,0.9421103,0.61019564,False,1.2185522,Test
201,1,1.3682619,3.3331113,-5.608476,-8.604197,0.12292837,0.8769511,0.00011473431,5.7367865e-06,1,0.13130407,0.1230489,True,0.5394729,Test
202,1,1.5443237,1.0606097,-3.5227416,-5.623124,0.6159298,0.37971425,0.0038809027,0.00047505958,0,0.96833634,0.62028575,False,0.997429,Test
203,1,2.6590612,3.2354987,-6.2127876,-13.392338,0.35973457,0.6402149,5.0464656e-05,3.8454598e-08,1,0.44595134,0.35978508,True,0.9432243,Test
204,1,-0.6251062,2.454871,-3.8531735,-3.4446635,0.04374995,0.9519071,0.0017339863,0.0026089118,1,0.049287837,0.0480929,True,0.30349395,Test
205,1,0.78051615,0.8765165,-3.6409378,-3.1906147,0.46912494,0.5163937,0.005637357,0.008843992,1,0.6608858,0.48360628,True,1.1070638,Test
206,1,0.4414298,2.637055,-4.552176,-6.48599,0.10006627,0.899157,0.00067856617,9.811772e-05,1,0.10629761,0.10084301,True,0.478656,Test
207,1,1.233043,0.89341396,-3.503062,-4.4160876,0.57993615,0.4129345,0.0050876345,0.002041709,0,0.8844663,0.58706546,False,1.0397666,Test
208,1,1.0526339,3.3597178,-5.3140264,-9.419841,0.09052364,0.9093182,0.00015550939,2.5622664e-06,1,0.095060155,0.09068179,True,0.44043657,Test
209,1,1.2974117,3.1046875,-4.8015895,-10.38905,0.14092292,0.85875946,0.00031638742,1.1847205e-06,1,0.15226643,0.14124054,True,0.59074086,Test
210,1,1.9353453,1.6364053,-4.1425443,-7.593606,0.5734045,0.42523906,0.0013148229,4.1695577e-05,0,0.8551039,0.5747609,False,0.99787396,Test
211,1,1.2233615,2.5091007,-4.464332,-7.779741,0.21641037,0.78283006,0.0007330679,2.6624442e-05,1,0.24483965,0.21716994,True,0.7624253,Test
212,1,0.46681842,4.630823,-6.4118085,-10.383137,0.0153069785,0.984677,1.5759411e-05,2.9703926e-07,1,0.0154416235,0.015322983,True,0.11448998,Test
213,1,1.6270163,2.1626298,-4.5279675,-7.4792695,0.36890435,0.6302716,0.00078313774,4.0935884e-05,1,0.46160445,0.3697284,True,0.9591454,Test
214,1,1.4221256,3.389159,-5.5786095,-9.940999,0.12269399,0.8771928,0.00011180021,1.4252167e-06,1,0.13102846,0.122807205,True,0.5386926,Test
215,1,2.0242088,0.63885117,-3.7490265,-5.9200516,0.7976398,0.19959684,0.002480405,0.0002829165,0,1.6114558,0.8004032,False,0.7490164,Test
216,1,0.93446934,4.065332,-6.27674,-10.105357,0.041850675,0.9581177,3.0896856e-05,6.7168713e-07,1,0.042784635,0.041882277,True,0.25123432,Test
217,1,2.3984883,-0.8538202,-3.8839228,-4.1144958,0.95965815,0.03712419,0.0017934947,0.0014241752,0,3.2934866,0.9628758,False,0.26323497,Test
218,1,2.0616925,0.48141867,-4.4770403,-4.554151,0.82733244,0.17036322,0.0011965878,0.0011077853,0,1.7698226,0.8296368,False,0.68372536,Test
219,1,-1.3875443,6.4551086,-6.9507422,-14.018,0.00039247138,0.99960595,1.5057108e-06,1.2837217e-09,1,0.00039414744,0.0003940463,True,0.005038314,Test
220,1,0.6833482,2.4743237,-5.843041,-7.407153,0.14291698,0.8568299,0.00020927098,4.37949e-05,1,0.15451588,0.14317012,True,0.5953281,Test
221,1,2.392014,-0.10221295,-3.2899227,-5.597647,0.92055076,0.07600091,0.0031362737,0.00031201966,0,2.5770102,0.9239991,False,0.42221865,Test
222,1,3.635447,-0.26206604,-5.089537,-8.33842,0.9799492,0.019885434,0.0001592176,6.1804344e-06,0,3.9177678,0.9801146,False,0.14314634,Test
223,1,1.1925882,1.7045532,-3.6419256,-5.998735,0.37351474,0.62323433,0.0029696487,0.00028129102,1,0.4728327,0.37676567,True,0.9840669,Test
224,1,0.73468184,1.6791673,-4.0349674,-4.539995,0.2789328,0.7172729,0.002366286,0.0014280272,1,0.33229893,0.28272712,True,0.891801,Test
225,1,2.1274002,2.793087,-4.9961896,-12.157178,0.3393704,0.6603559,0.00027348797,2.1230515e-07,1,0.41497636,0.33964407,True,0.92768776,Test
226,1,2.0503383,0.7560677,-3.8519504,-6.758602,0.78309745,0.21464524,0.0021403485,0.00011698801,0,1.5387686,0.78535473,False,0.7732422,Test
227,1,1.3187902,0.60842806,-2.887805,-3.821986,0.66128105,0.32499728,0.009851104,0.003870574,0,1.1239384,0.6750027,False,1.0182246,Test
228,1,2.8211272,0.6004173,-4.208149,-7.6057706,0.90134966,0.09782532,0.00079821073,2.6702322e-05,0,2.3245718,0.9021747,False,0.47175092,Test
229,1,1.7344599,2.676732,-4.8460217,-8.804126,0.28033045,0.7192732,0.0003888691,7.4271243e-06,1,0.329514,0.2807268,True,0.860816,Test
230,1,3.1234667,-0.542936,-4.0806932,-6.2392955,0.9742813,0.024910696,0.0007243652,8.3654304e-05,0,3.692458,0.9750893,False,0.17801346,Test
231,1,1.184853,1.1187862,-3.2575543,-5.2344823,0.51296103,0.4801666,0.006036309,0.0008359926,0,0.7336221,0.5198334,False,1.0552745,Test
232,1,0.738407,0.95865893,-2.6914618,-3.773353,0.4367268,0.5443322,0.0141461,0.0047948766,1,0.60819554,0.4556678,True,1.1234407,Test
233,1,2.3383029,-1.138548,-3.556707,-3.0161874,0.96303433,0.029762167,0.0026513769,0.004552146,0,3.514517,0.97023785,False,0.26134297,Test
234,1,4.261343,-5.7295895,-4.112099,-3.8634784,0.99942756,4.578724e-05,0.00023078723,0.00029592804,0,9.991505,0.9999542,False,0.0077428147,Test
235,1,2.6652088,0.4730614,-4.565839,-7.081697,0.89890957,0.10038722,0.00065059675,5.2563995e-05,0,2.2987204,0.8996128,False,0.47876298,Test
236,1,3.1733398,1.026219,-5.3181086,-7.941157,0.8952231,0.10457997,0.00018371393,1.3334197e-05,0,2.2578032,0.89542,False,0.48609653,Test
237,1,-2.100011,7.169816,-7.606731,-14.241894,9.421592e-05,0.99990547,3.8246029e-07,5.023102e-10,1,9.45285e-05,9.453297e-05,True,0.001404729,Test
238,1,0.21470156,2.783438,-5.5286865,-6.978703,0.07115777,0.9285608,0.00022798206,5.3476906e-05,1,0.07411943,0.07143921,True,0.3741226,Test
239,1,2.1060188,-0.017410545,-3.214739,-4.9938116,0.8886243,0.10629787,0.004344526,0.0007333325,0,2.2415102,0.89370215,False,0.5368549,Test
240,1,4.286414,-1.1340889,-5.296415,-8.734415,0.99552405,0.0044051143,6.8593385e-05,2.203827e-06,0,5.424989,0.99559486,False,0.041910212,Test
241,1,-1.1354915,0.10479894,-0.93045956,-2.4309657,0.167843,0.58016896,0.20603804,0.04595004,1,0.5444359,0.41983104,True,1.561618,Test
242,1,3.031517,1.3004119,-5.440063,-7.93908,0.84939027,0.15041734,0.00017780608,1.460957e-05,0,1.8943416,0.8495827,False,0.6135657,Test
243,1,4.9791064,-0.4859484,-5.849951,-11.027237,0.99576604,0.0042141895,1.9731373e-05,1.11350076e-07,0,5.469298,0.99578583,False,0.039658498,Test
244,1,4.814093,-1.2920077,-5.2199607,-10.165765,0.99773175,0.0022241692,4.3780386e-05,3.1141818e-07,0,6.1083717,0.99777585,False,0.023509858,Test
245,1,4.6228547,-3.622628,-4.541215,-6.9419656,0.9996233,0.0002623426,0.00010469628,9.490711e-06,0,8.245859,0.9997377,False,0.0052065966,Test
246,1,-0.06270669,3.4874713,-5.661013,-6.4277663,0.027913513,0.97193503,0.00010339535,4.8029087e-05,1,0.028466314,0.028064966,True,0.18608803,Test
247,1,3.9008052,-2.6878839,-4.890639,-6.83979,0.9984529,0.0013737142,0.00015179311,2.1614565e-05,0,6.590237,0.9986263,False,0.01755169,Test
248,1,-3.218342,5.5075994,-5.709287,-7.9762983,0.0001622911,0.9998228,1.3442842e-05,1.3929658e-06,1,0.0001772485,0.00017720461,True,0.0025432883,Test
249,1,-2.291085,5.0567408,-5.8538227,-7.774035,0.000643563,0.9993356,1.8252143e-05,2.6753219e-06,1,0.0006646093,0.000664413,True,0.008117886,Test
250,1,1.3150198,0.9427549,-5.213861,-6.506537,0.59135437,0.40754467,0.0008637554,0.00023713123,0,0.8976047,0.5924553,False,0.9875946,Test
251,1,0.17248741,1.5141643,-3.8645852,-4.949844,0.20622535,0.78890544,0.0036396848,0.0012295377,1,0.23710884,0.21109456,True,0.7809615,Test
252,1,-0.12303186,0.5650114,-2.6888375,-2.5791664,0.31721446,0.6311991,0.024380226,0.02720616,1,0.46013388,0.36880088,True,1.2165695,Test
253,1,1.2795157,1.3047587,-3.5359945,-5.7070413,0.49149913,0.5040639,0.00398266,0.0004542549,1,0.6850522,0.4959361,True,1.0386298,Test
254,1,-3.9328468,5.6910286,-6.359907,-6.4391136,6.612571e-05,0.99992263,5.8386377e-06,5.3940203e-06,1,7.736384e-05,7.736683e-05,True,0.0012255509,Test
255,1,-2.7903671,4.4630876,-5.0954027,-5.340262,0.0007071357,0.9991671,7.054047e-05,5.522014e-05,1,0.0008332833,0.0008329153,True,0.01035564,Test
256,1,0.8356012,0.9007437,-3.4053304,-3.9800167,0.47851297,0.5107222,0.0068877996,0.0038770156,1,0.6719295,0.48927778,True,1.0844495,Test
257,1,1.1035753,1.641447,-4.113561,-5.416647,0.36774784,0.6297161,0.0019942357,0.0005418181,1,0.4624862,0.3702839,True,0.97466797,Test
258,1,1.9582658,0.97970724,-3.7871752,-7.509113,0.7250963,0.27252924,0.002318368,5.6074496e-05,0,1.3000094,0.72747076,False,0.86848444,Test
259,1,0.24005288,1.7879916,-3.7972674,-2.7860548,0.17337279,0.8151588,0.00305911,0.008409284,1,0.20437239,0.18484122,True,0.76216596,Test
260,1,1.6277831,2.5847857,-4.5265546,-8.726842,0.27731282,0.7220893,0.0005890809,8.831074e-06,1,0.3256065,0.2779107,True,0.8588141,Test
261,1,0.01625961,3.2297192,-5.037222,-6.8670893,0.03865127,0.96106213,0.00024686786,3.9606206e-05,1,0.039716188,0.038937867,True,0.24000838,Test
262,1,-0.051298164,3.6815205,-5.2810163,-6.5201883,0.02336249,0.9764762,0.00012510693,3.6233963e-05,1,0.02380493,0.023523808,True,0.16230863,Test
263,1,-1.8033496,-0.121491894,-1.1154891,-3.7783933,0.11759528,0.6321373,0.23395047,0.016316963,1,0.45864865,0.3678627,True,1.3686023,Test
264,1,3.165387,1.6155665,-5.8290386,-8.539475,0.82479775,0.17509308,0.0001023571,6.807541e-06,0,1.7424375,0.82490695,False,0.67082465,Test
265,1,-0.6190629,3.0800838,-4.657142,-6.1522913,0.024134537,0.9753445,0.0004255234,9.54088e-05,1,0.024964582,0.02465552,True,0.17083661,Test
266,1,3.203769,-0.59651804,-3.850009,-7.8935604,0.9772843,0.02185633,0.0008445089,1.4808536e-05,0,3.8232646,0.9781437,False,0.16181159,Test
267,1,2.8282561,1.5664538,-5.1873074,-9.212657,0.77913207,0.22060598,0.00025733322,4.59525e-06,0,1.511377,0.77939403,False,0.76470596,Test
268,1,-1.0636657,3.533795,-5.515762,-6.618475,0.009975308,0.9898699,0.00011625337,3.859252e-05,1,0.010181749,0.010130107,True,0.082935765,Test
269,1,2.5154517,1.9251217,-5.0927224,-8.723583,0.64322996,0.35644227,0.0003192847,8.458932e-06,0,1.031583,0.6435577,False,0.94380504,Test
270,1,-3.3588061,4.309085,-4.8459597,-4.359316,0.0004672547,0.99925524,0.00010560661,0.0001718058,1,0.0007450189,0.00074476004,True,0.009787087,Test
271,1,1.2386867,3.1434305,-5.4584074,-8.016573,0.12955019,0.87027746,0.00015992888,1.2385962e-05,1,0.1389432,0.12972254,True,0.558636,Test
272,1,-4.1786532,6.355532,-7.1693277,-5.0084653,2.6609963e-05,0.99996054,1.3372439e-06,1.1605436e-05,1,3.9457496e-05,3.9458275e-05,True,0.0006776966,Test
273,1,1.8676871,0.6581083,-3.8759274,-5.7153873,0.76802844,0.22912048,0.002460125,0.00039092175,0,1.4735073,0.7708795,False,0.8052578,Test
274,1,-0.5718243,3.654493,-4.932726,-5.6202374,0.014391838,0.98533195,0.0001837387,9.238857e-05,1,0.014776665,0.014668047,True,0.11258186,Test
275,1,4.507266,-0.66954917,-5.466424,-10.06461,0.99433917,0.0056139994,4.63464e-05,4.6671244e-07,0,5.182492,0.994386,False,0.050795265,Test
276,1,0.38428646,4.15148,-5.6271358,-9.72838,0.022593256,0.9773505,5.5367047e-05,9.164394e-07,1,0.022909956,0.022649527,True,0.1566439,Test
277,1,-2.602211,5.331864,-6.1681757,-6.5303035,0.0003581888,0.9996246,1.0125886e-05,7.0495776e-06,1,0.00037543877,0.00037539005,True,0.004930222,Test
278,1,-2.2832277,3.5919614,-4.0444155,-3.8724704,0.0027974548,0.996151,0.0004807163,0.00057090475,1,0.003856485,0.0038490295,True,0.04071943,Test
279,1,2.1061935,0.8174943,-3.7683663,-6.867216,0.78212637,0.21557677,0.002197799,9.912305e-05,0,1.5344383,0.78442323,False,0.77523685,Test
280,1,0.73899436,3.8149357,-5.992498,-8.941921,0.044108193,0.9558365,5.2610096e-05,2.7551866e-06,1,0.045168463,0.044163525,True,0.26169604,Test
281,1,0.24581721,3.8853157,-5.279769,-8.826741,0.025590608,0.9743045,0.00010194101,2.937098e-06,1,0.026031373,0.025695503,True,0.17332533,Test
282,1,-0.6702719,2.6731436,-3.9189346,-3.5304341,0.034000006,0.96273315,0.0013200876,0.0019468219,1,0.037978984,0.03726685,True,0.24877046,Test
283,1,0.7544879,2.890553,-4.724238,-7.073616,0.105589576,0.8939275,0.00044079902,4.2064807e-05,1,0.11213056,0.106072485,True,0.49261177,Test
284,1,1.281763,1.6431257,-4.353217,-6.3156757,0.40994424,0.58838636,0.0014638079,0.00020568333,1,0.53037155,0.41161364,True,0.99390805,Test
285,1,0.24587086,3.7552826,-5.8823714,-7.19935,0.029043285,0.9708764,6.332626e-05,1.6967871e-05,1,0.029556112,0.029123604,True,0.19083552,Test
286,1,-0.0053621493,2.6755,-4.157532,-5.2182302,0.06402521,0.93461895,0.001007132,0.00034868327,1,0.06761636,0.06538105,True,0.3590771,Test
287,1,-2.9232771,4.5024786,-4.991945,-7.8084455,0.00059530855,0.99932504,7.521964e-05,4.4992503e-06,1,0.00067521184,0.000674963,True,0.008462101,Test
288,1,4.4844623,-2.0772364,-4.4370775,-8.797841,0.99845374,0.0014112967,0.00013327622,1.7017552e-06,0,6.5632463,0.9985887,False,0.017340614,Test
289,1,1.0641665,2.6244621,-5.3187275,-7.5141616,0.17354764,0.82612634,0.00029333442,3.2651107e-05,1,0.1910076,0.17387366,True,0.67006576,Test
290,1,1.9680673,1.4304963,-4.212404,-7.8690624,0.6304024,0.36825934,0.0013045882,3.368269e-05,0,0.99896795,0.6317407,False,0.9633694,Test
291,1,-1.4326938,4.016605,-5.1245246,-6.040399,0.0042802733,0.99557036,0.000106691514,4.2694373e-05,1,0.0044394983,0.0044296384,True,0.04208143,Test
292,1,-0.018942192,3.5279372,-4.7223735,-7.6261234,0.027999906,0.9717324,0.00025379448,1.3912328e-05,1,0.028674847,0.028267622,True,0.18789105,Test
293,1,0.4226114,4.1368566,-5.667508,-8.799225,0.023792548,0.97615117,5.3893375e-05,2.3520606e-06,1,0.024137793,0.023848832,True,0.16312255,Test
294,1,-3.157808,3.843304,-4.5836673,-4.86882,0.00090969104,0.9987073,0.00021860044,0.00016436559,1,0.0012935374,0.0012927055,True,0.01577804,Test
295,1,-2.993536,0.12881505,-2.6350727,1.1490844,0.01135094,0.2576628,0.016244654,0.71474165,3,1.3561035,0.7423372,False,1.020295,Test
296,1,3.3277502,-0.23062438,-5.441472,-6.810842,0.9721195,0.027690908,0.00015111057,3.8422462e-05,0,3.586651,0.9723091,False,0.18542348,Test
297,1,3.2129157,0.504326,-4.764774,-7.805894,0.9372158,0.062447365,0.00032149407,1.5361426e-05,0,2.7734313,0.93755263,False,0.3415148,Test
298,1,2.9499383,-2.8642325,-2.2309444,-5.8809905,0.99132186,0.0029590505,0.0055742445,0.0001448742,0,5.822887,0.9970409,False,0.080905356,Test
299,1,-2.7583933,6.4533105,-7.0289483,-10.376325,9.985358e-05,0.9998987,1.3953572e-06,4.908379e-08,1,0.00010132276,0.000101327896,True,0.0015014615,Test
300,1,2.5742984,-0.225124,-3.6207201,-6.351937,0.9407182,0.057238188,0.0019186558,0.00012498125,0,2.860534,0.94276184,False,0.33809164,Test
301,1,2.7357447,1.4635007,-4.0245843,-11.988622,0.78042,0.21867536,0.00090438785,3.1449764e-07,0,1.520167,0.7813246,False,0.76787466,Test
302,1,-0.27174395,2.9269989,-5.0110564,-7.3028393,0.039198257,0.9604243,0.0003427754,3.46498e-05,1,0.040380117,0.039575696,True,0.24358563,Test
303,1,1.4041513,-0.9700252,-3.0863671,-2.587334,0.89064777,0.082911395,0.00998846,0.016452277,0,2.4899828,0.9170886,False,0.6105122,Test
304,1,-0.14832893,4.4485984,-5.498474,-8.951046,0.009981635,0.98996943,4.7387402e-05,1.5004792e-06,1,0.010081207,0.010030568,True,0.081450924,Test
305,1,1.9903976,1.0565878,-4.0901837,-6.736199,0.7165878,0.28165728,0.0016387268,0.000116240255,0,1.2670643,0.7183427,False,0.87607306,Test
306,1,-1.1996372,4.9797583,-6.0756536,-8.480027,0.0020673606,0.9979153,1.5768455e-05,1.4242399e-06,1,0.0020868445,0.0020846725,True,0.021720242,Test
307,1,2.0167546,2.415783,-4.797844,-8.788434,0.4013657,0.5981857,0.0004405525,8.145288e-06,1,0.513854,0.40181428,True,0.977108,Test
308,1,0.90594935,4.056533,-5.3468647,-11.6791,0.04106504,0.95885575,7.905141e-05,1.4055773e-07,1,0.042014636,0.04114425,True,0.24834406,Test
309,1,2.0756512,1.5067122,-4.230817,-7.129415,0.6377344,0.3610379,0.0011635247,6.411065e-05,0,1.0187724,0.6389621,False,0.95675176,Test
310,1,-0.44017494,5.132919,-5.8370504,-10.441117,0.0037842686,0.9961985,1.7145454e-05,1.716438e-07,1,0.003808746,0.0038015246,True,0.03619666,Test
311,1,0.99824095,2.299203,-4.3233933,-7.112593,0.21376596,0.7851256,0.0010441962,6.4187116e-05,1,0.24191155,0.21487439,True,0.7610683,Test
312,1,2.7672873,0.9106228,-3.8400276,-10.370711,0.86389714,0.13493447,0.0011666527,1.70099e-06,0,2.002966,0.8650655,False,0.58365726,Test
313,1,1.466351,1.415519,-3.3384275,-6.527685,0.5104733,0.4851734,0.004181039,0.00017226905,0,0.72324896,0.5148266,False,1.0366417,Test
314,1,-0.23036182,4.317207,-5.821669,-8.23864,0.010481446,0.98947597,3.9097355e-05,3.4871457e-06,1,0.010579808,0.0105240345,True,0.08466468,Test
315,1,-3.0898569,4.6940756,-6.1333833,-6.298301,0.00041618297,0.9995472,1.983798e-05,1.6821894e-05,1,0.00045289274,0.0004528165,True,0.0059037483,Test
316,1,-0.07103138,3.336406,-5.0070686,-6.21594,0.03205425,0.9676467,0.00023024593,6.8736204e-05,1,0.032888193,0.032353282,True,0.20874162,Test
317,1,-2.5018685,7.183012,-7.7435107,-11.555158,6.2213236e-05,0.9999374,3.292048e-07,7.2792847e-09,1,6.258292e-05,6.258488e-05,True,0.00096684345,Test
318,1,1.4025232,1.2437775,-3.8844485,-4.895451,0.5376025,0.45868963,0.0027186836,0.000989204,0,0.7793815,0.54131037,False,1.0301627,Test
319,1,6.246382,-7.189459,-4.5136414,-10.119574,0.99997723,1.4617688e-06,2.1231048e-05,7.804517e-08,0,13.4358635,0.9999985,False,0.0003926052,Test
320,1,-0.65552557,0.5842721,-2.5364585,-1.9200433,0.20450996,0.7065643,0.03117709,0.057748586,1,0.34734103,0.2934357,True,1.2159148,Test
321,1,-0.036452767,3.3686903,-5.7251053,-7.7203965,0.032131147,0.9677453,0.0001087366,1.4785362e-05,1,0.032786332,0.032254696,True,0.20681064,Test
322,1,0.14891201,-0.1368878,-2.5755396,-1.7313967,0.5077332,0.38151738,0.033298243,0.07745116,0,0.96359897,0.6184826,False,1.4761486,Test
323,1,2.1819084,2.1033096,-4.668494,-9.858697,0.5193522,0.48009476,0.000550009,3.0640329e-06,0,0.7337718,0.5199052,False,1.0051439,Test
324,1,0.13362247,3.7926047,-5.3737674,-8.64471,0.02510921,0.97478503,0.00010186007,3.867693e-06,1,0.025538327,0.02521497,True,0.17080681,Test
325,1,4.7021246,-0.6461214,-5.5447383,-10.100532,0.9952305,0.0047338,3.5299447e-05,3.7086153e-07,0,5.353027,0.9952662,False,0.043952543,Test
326,1,3.289678,0.1649813,-4.454268,-8.288538,0.9574939,0.042082105,0.00041493776,8.969752e-06,0,3.1681325,0.95791787,False,0.25715578,Test
327,1,2.7349148,-3.9089668,-2.1997354,-4.431026,0.99081767,0.0012900084,0.0071269264,0.00076535903,0,6.6531067,0.99871,False,0.08432382,Test
328,1,3.190729,0.35753512,-4.584637,-7.558094,0.94404984,0.05553343,0.00039645733,2.0269374e-05,0,2.8907702,0.9444666,False,0.31481582,Test
329,1,4.5230713,-1.4367667,-5.311377,-8.51157,0.99737096,0.0025735465,5.343309e-05,2.177629e-06,0,5.9624705,0.99742645,False,0.026725074,Test
330,1,4.215325,-2.2943475,-4.49433,-8.181041,0.99834466,0.001486503,0.00016471208,4.12674e-06,0,6.5113287,0.9985135,False,0.018493969,Test
331,1,3.5833483,-0.85399,-4.180701,-7.3939285,0.9878796,0.011684025,0.00041958538,1.6878477e-05,0,4.449533,0.988316,False,0.09735797,Test
332,1,-1.0613594,2.3161397,-3.263512,-3.9348264,0.032825116,0.96169084,0.0036293052,0.0018547075,1,0.039062254,0.038309157,True,0.26224303,Test
333,1,1.0797815,0.27390954,-2.7029543,-3.4792206,0.6757071,0.30183718,0.015379323,0.007076347,0,1.1978675,0.6981628,False,1.0469272,Test
334,1,7.4239507,-7.6486025,-5.3446507,-12.227097,0.9999969,2.8449313e-07,2.8488232e-06,2.921847e-09,0,15.0725565,0.9999997,False,6.3219464e-05,Test
335,3,-3.542396,-3.8058991,-1.2092967,4.020082,0.00051634567,0.00039673693,0.0053234445,0.9937635,3,0.006256044,0.0062364936,True,0.05930059,Test
336,3,-3.6243303,-0.3262227,-1.9688122,1.8057995,0.0038244415,0.10349469,0.020023985,0.8726569,3,0.13621284,0.12734312,True,0.65385216,Test
337,3,-1.3861976,1.9239578,-3.617452,-1.4508803,0.033974156,0.930531,0.0036486085,0.031846173,1,3.446838,0.96815383,False,0.4503426,Test
338,3,1.5738721,-1.914572,-3.1017287,-0.87470734,0.88787514,0.027123135,0.008274927,0.07672686,0,2.5675035,0.92327315,False,0.6349356,Test
339,3,1.9004873,-3.1114705,-2.950007,-0.8188726,0.9255837,0.006162404,0.0072422377,0.06101164,0,2.7966905,0.9389884,False,0.4461642,Test
340,3,-0.99613106,0.34233344,-2.9627156,0.34991953,0.11369658,0.43354598,0.015910015,0.43684742,3,0.8281713,0.56315255,True,1.4963715,Test
341,3,-0.16888988,-2.4830909,-1.8494841,1.6892682,0.12992033,0.012841994,0.024199387,0.8330383,3,0.18267569,0.16696173,True,0.8126777,Test
342,3,0.2572302,-2.7489417,-2.1644595,1.7701411,0.17611279,0.008714188,0.015633797,0.7995392,3,0.22371969,0.20046079,True,0.8527129,Test
343,3,0.11299068,-2.7414656,-2.0076532,1.4178772,0.20555776,0.011837482,0.024657555,0.7579472,3,0.27714154,0.2420528,True,0.97969455,Test
344,3,-3.2802653,-2.543198,-1.4545898,3.012533,0.0018183115,0.003799903,0.011286229,0.9830956,3,0.017048944,0.016904414,True,0.1442975,Test
345,3,-1.5010183,-0.479211,-2.626347,1.4297063,0.04377524,0.12161687,0.014207071,0.8204008,3,0.19796228,0.17959923,True,0.888753,Test
346,3,-0.19500475,-1.2241,-2.5759177,0.6325122,0.2675637,0.09560857,0.024740582,0.61208713,3,0.49088067,0.38791287,True,1.398232,Test
347,3,-3.6707757,-3.7197948,-1.0564902,3.9800544,0.00047214353,0.00044955767,0.0064482787,0.99263,3,0.0073972847,0.007369995,True,0.06773186,Test
348,3,-2.0981526,-1.9802456,-1.8235996,2.4989433,0.009743084,0.010962329,0.012821334,0.9664733,3,0.034101658,0.03352672,True,0.2646114,Test
349,3,-0.9446118,-3.1281562,-1.7196198,2.5017076,0.030341638,0.00341773,0.0139783975,0.95226216,3,0.048914883,0.047737837,True,0.33431652,Test
350,3,-2.938249,-0.7000756,-1.9773624,1.9330034,0.006969882,0.065350935,0.018219365,0.9094598,3,0.09490448,0.09054017,True,0.53693515,Test
351,3,-3.72246,-4.600553,-0.91731346,4.2705793,0.00033577048,0.00013953773,0.005550116,0.9939746,3,0.006043612,0.006025374,True,0.055916965,Test
352,3,-2.438264,-2.8996217,-0.9662612,2.4742188,0.007043991,0.0044407235,0.03069739,0.95781785,3,0.043097656,0.042182148,True,0.2988955,Test
353,3,-4.512572,-3.9957628,-1.1694323,4.5570335,0.0001147029,0.00019231868,0.0032469924,0.99644595,3,0.0035603961,0.0035540462,True,0.035835505,Test
354,3,-3.9979346,-4.2739396,-0.8769092,4.211612,0.00027024798,0.00020506667,0.006126418,0.9933983,3,0.006623576,0.0066016912,True,0.060242195,Test
355,3,-1.2210325,-1.9271085,-1.4347781,1.8622751,0.041439403,0.020453544,0.033464544,0.9046425,3,0.10021543,0.09535748,True,0.5999109,Test
356,3,-3.5968518,-3.6587002,-1.2063632,3.9885364,0.0005045231,0.00047426444,0.0055088014,0.99351245,3,0.0065086996,0.0064875484,True,0.061430205,Test
357,3,-0.34066147,0.15040842,-3.4568763,-0.70834744,0.29667228,0.48478135,0.013149887,0.20539647,1,1.5828131,0.7946035,False,1.5776806,Test
358,3,-5.3428397,-4.8326826,-0.64010674,4.797055,3.9297818e-05,6.545256e-05,0.0043325084,0.9955628,3,0.0044470937,0.004437208,True,0.041884895,Test
359,3,-2.6132474,-1.9163804,-1.8735573,2.515556,0.005749846,0.0115425475,0.012047568,0.97066003,3,0.029778998,0.02933997,True,0.23559615,Test
360,3,-0.22750431,-2.314519,-2.1829536,1.0549197,0.20529978,0.025468862,0.029050099,0.7401813,3,0.3008601,0.25981867,True,1.0733907,Test
361,3,0.16048689,0.60670805,-3.7928295,-2.539908,0.37753418,0.5898583,0.0072452407,0.025362365,1,3.674489,0.9746376,False,1.1657236,Test
362,3,0.098188266,-1.551654,-1.9351588,1.0453675,0.25631806,0.049233615,0.033551175,0.6608972,3,0.414157,0.3391028,True,1.2764922,Test
363,3,-0.9793346,0.500866,-2.2957246,-1.8015306,0.163897,0.720135,0.04394101,0.07202708,1,2.6307132,0.9279729,False,1.240194,Test
364,3,-1.3942758,1.5264342,-3.0139246,-1.47693,0.04837205,0.89751714,0.009576132,0.044534676,1,3.1114872,0.9554653,False,0.61550665,Test
365,3,-1.3402101,0.51008266,-2.5431106,0.6025356,0.068306535,0.43454447,0.020513948,0.4766351,3,0.7410041,0.5233649,True,1.4115485,Test
366,3,-0.25127453,0.07082195,-3.0272698,-0.33807224,0.29769278,0.41082135,0.018542523,0.27294335,1,1.298491,0.7270566,False,1.6656405,Test
367,3,2.7643936,-2.983527,-3.5236602,-3.3825824,0.9928636,0.0031666455,0.0018451116,0.0021246716,0,6.154138,0.99787533,False,0.07217238,Test
368,3,1.7618148,-1.704643,-3.168823,-3.0398242,0.95541495,0.02983517,0.006899907,0.007849947,0,4.8472486,0.99215007,False,0.31846827,Test
369,3,-4.066685,-3.6181974,-1.07552,3.9687026,0.00032145946,0.00050338724,0.006399894,0.9927752,3,0.0072510173,0.007224798,True,0.06627114,Test
370,3,-2.2360673,-2.792893,-0.9903256,2.9428759,0.005478142,0.003139113,0.019039342,0.97234344,3,0.028046219,0.027656555,True,0.21540588,Test
371,3,0.5751301,2.3533924,-4.492514,-5.351812,0.14433086,0.8543753,0.0009088859,0.0003848762,1,7.862589,0.99961513,False,0.6105925,Test
372,3,1.3714244,-0.15546831,-3.1915853,-3.1613257,0.8074993,0.17539655,0.0084227165,0.00868148,0,4.7465634,0.9913185,False,0.80705625,Test
373,3,-2.0830677,2.5935347,-3.2323275,-2.2702873,0.009128195,0.98040956,0.002892463,0.0075696623,1,4.883607,0.9924303,False,0.1675579,Test
374,3,-1.2529902,-1.9873409,-1.2986314,2.2219849,0.028791703,0.013814746,0.027507152,0.92988634,3,0.0726929,0.07011366,True,0.47282338,Test
375,3,-2.6645114,-3.4887593,-1.2162254,3.4616814,0.0021580337,0.00094643794,0.00918419,0.98771137,3,0.012364756,0.01228863,True,0.10838425,Test
376,3,-2.3012626,-3.1391315,-1.4121171,3.2651095,0.0037686164,0.0016304218,0.009169229,0.98543173,3,0.014675409,0.014568269,True,0.12837262,Test
377,3,-3.7627025,-3.4804378,-1.1238892,3.8349872,0.0004975354,0.0006597964,0.0069637937,0.99187887,3,0.008154315,0.008121133,True,0.074001156,Test
378,3,-4.137746,-4.1695237,-0.9456722,3.8730063,0.0003290027,0.00031871194,0.008007544,0.9913448,3,0.008692876,0.0086551905,True,0.07570913,Test
379,3,-2.333254,-1.2272478,-2.0227861,2.1326025,0.0108246375,0.03271491,0.014765487,0.9416949,3,0.06007392,0.058305085,True,0.40350553,Test
380,3,-0.55018795,-1.2151519,-2.464854,1.0333056,0.15305428,0.07871461,0.022558829,0.7456723,3,0.2934691,0.2543277,True,1.1422255,Test
381,3,-3.3148272,-3.5758488,-1.0423682,3.6187887,0.00096369634,0.0007423008,0.0093509685,0.988943,3,0.011118598,0.011057019,True,0.09626724,Test
382,3,-3.2384305,-2.9049454,-1.3337934,3.4316072,0.0012538586,0.0017501663,0.008422128,0.9885739,3,0.01149189,0.011426091,True,0.102546915,Test
383,3,-1.6247768,-3.7914445,-0.9637366,2.9593143,0.009904371,0.0011346318,0.019182846,0.9697781,3,0.030687964,0.03022188,True,0.22939633,Test
384,3,-5.13464,-4.9293714,-0.6633162,4.8748493,4.4790486e-05,5.4996224e-05,0.003917932,0.9959823,3,0.0040258085,0.0040177107,True,0.038536526,Test
385,3,-3.997932,-3.8677912,-0.96374243,4.1057916,0.00030032906,0.0003420714,0.006242078,0.9931155,3,0.006908341,0.0068845153,True,0.06306598,Test
386,3,-1.7495164,-3.377968,-1.2166169,2.8183157,0.010077077,0.0019774565,0.017169982,0.9707755,3,0.029660039,0.029224515,True,0.22682492,Test
387,3,-2.9584808,-3.3205326,-0.96915203,3.4884822,0.0015630109,0.0010882409,0.011426588,0.9859221,3,0.014177905,0.014077902,True,0.119166546,Test
388,3,-2.7538912,-2.2541504,-1.6359941,2.9014723,0.0034302128,0.0056540007,0.010491017,0.9804247,3,0.019769417,0.019575298,True,0.16723867,Test
389,3,-4.5886106,-4.082219,-0.7016257,4.2934,0.00013788012,0.0002287835,0.0067235357,0.9929097,3,0.0071154996,0.0070902705,True,0.06324856,Test
390,3,-5.227747,-4.688241,-0.6257022,4.706344,4.825336e-05,8.2762286e-05,0.00481028,0.9950588,3,0.0049534934,0.004941225,True,0.045962967,Test
391,3,-4.4812,-3.6144686,-1.2029397,4.2308474,0.00016378463,0.00038966368,0.004345137,0.9951014,3,0.0049106707,0.0048986077,True,0.04761634,Test
392,3,-0.69387245,1.6188526,-3.5022779,-1.9561335,0.08737264,0.882631,0.0052686636,0.02472763,1,3.699834,0.97527236,False,0.6381031,Test
393,3,-1.9267429,-3.3615513,-1.3541524,3.3256528,0.0051537263,0.0012274162,0.009136802,0.98448205,3,0.01563963,0.01551795,True,0.13514513,Test
394,3,-4.114432,-3.814714,-0.9816498,4.085886,0.00027267323,0.00036796636,0.006254495,0.9931049,3,0.006918996,0.006895125,True,0.06312808,Test
395,3,-4.40758,-3.740972,-0.3633756,3.7630098,0.00027813006,0.0005416915,0.015871702,0.98330855,3,0.016832344,0.016691446,True,0.12791297,Test
396,3,-1.1103097,-0.3725037,-2.8790042,1.371699,0.06567207,0.13734277,0.011200732,0.78578436,3,0.24107286,0.21421564,True,0.99724287,Test
397,3,-4.454442,-4.557064,-0.7453482,4.465592,0.00013292453,0.000119960256,0.005425555,0.9943216,3,0.005694595,0.0056784153,True,0.0522759,Test
398,3,-2.7118206,-2.388625,-1.540247,2.7686212,0.004072302,0.005626032,0.013141592,0.97716016,3,0.02310474,0.022839844,True,0.18908402,Test
399,3,-3.1440706,-2.9168024,-1.9020321,3.2440991,0.0016653211,0.0020902553,0.0057664476,0.99047804,3,0.009567598,0.009521961,True,0.090541825,Test
400,3,-4.4352794,-4.7942624,-0.67563236,4.5759587,0.000121369645,8.476289e-05,0.005210795,0.9945831,3,0.005431656,0.0054169297,True,0.05003924,Test
401,3,-4.061079,-4.3749824,-1.1539266,4.380703,0.00021473765,0.00015688503,0.0039306856,0.99569774,3,0.004311552,0.0043022633,True,0.042202923,Test
402,3,-2.2916574,-2.9797869,-1.3434162,2.8731313,0.005583967,0.002806028,0.014413145,0.9771969,3,0.023067115,0.022803128,True,0.18625815,Test
403,3,-1.1435366,0.29694027,-3.2175207,-0.33627367,0.13174959,0.55634016,0.01655882,0.29535145,1,1.2195892,0.70464855,False,1.4735307,Test
404,3,-0.88863254,-2.9111328,-1.4419868,2.5636005,0.030049743,0.0039763083,0.017279133,0.9486948,3,0.052668132,0.051305175,True,0.35690707,Test
405,3,-4.034033,-3.8910258,-0.81518227,3.3579836,0.00060601346,0.0006991808,0.015149954,0.9835449,3,0.016592016,0.016455114,True,0.128924,Test
406,3,-3.683498,-3.8667684,-1.1354877,4.0292125,0.00044420554,0.0003698202,0.0056776786,0.99350834,3,0.006512845,0.006491661,True,0.060856417,Test
407,3,-2.343961,3.3680093,-4.706849,-2.7856271,0.0032872725,0.99428964,0.0003094898,0.0021135989,1,6.1593633,0.9978864,False,0.057720616,Test
408,3,-2.8315086,-2.9853818,-1.6063968,3.3766212,0.0019919,0.0017078161,0.0067815175,0.9895188,3,0.010536518,0.010481179,True,0.09746851,Test
409,3,-2.9745095,-3.5468776,-0.99556726,3.6288567,0.0013398129,0.0007559057,0.009693659,0.9882107,3,0.011859387,0.011789322,True,0.10237135,Test
410,3,-4.653369,-2.7047935,-1.4234426,3.89592,0.00019244174,0.0013506869,0.004864502,0.9935923,3,0.0064282785,0.006407678,True,0.061841168,Test
411,3,-5.250979,-3.9770434,-0.7629544,4.5915637,5.2879215e-05,0.00018903756,0.0047033723,0.9950547,3,0.0049575265,0.004945278,True,0.046573214,Test
412,3,-3.631836,-3.4044733,-1.3788875,3.8078964,0.0005834081,0.00073234347,0.005551568,0.99313265,3,0.006891056,0.006867349,True,0.06536585,Test
413,3,-2.9647398,4.0225883,-5.358695,-3.6853719,0.00092216727,0.99854517,8.4164385e-05,0.00044858336,1,7.709416,0.9995514,False,0.01752385,Test
414,3,-0.6126597,-3.1623697,-0.7363891,0.96649724,0.1467871,0.011464704,0.12970386,0.71204436,3,0.33961508,0.28795564,True,1.2113187,Test
415,3,-2.1503954,-0.4588392,-2.351255,1.1682734,0.028678356,0.15566385,0.023459679,0.7921981,3,0.23294377,0.20780188,True,0.95790243,Test
416,3,-4.3517365,-1.526583,-1.7052324,2.86605,0.0007166218,0.012084779,0.010107699,0.97709095,3,0.023175562,0.022909045,True,0.18414141,Test
417,3,-3.9637938,-4.133836,-0.6933189,3.9455423,0.00036353726,0.00030669066,0.009569696,0.9897601,3,0.010292665,0.010239899,True,0.08661708,Test
418,3,-5.149638,-4.2541084,-0.7660616,4.5930195,5.843746e-05,0.00014309188,0.0046822475,0.99511623,3,0.0048957234,0.004883766,True,0.0459117,Test
419,3,-3.5843027,-0.12125288,-2.6094515,2.1053398,0.0030179315,0.096314766,0.00799985,0.8926675,3,0.11354112,0.10733253,True,0.552384,Test
420,3,-4.5502615,-2.8368628,-0.81487507,3.5430708,0.00030111172,0.0016705034,0.01261785,0.9854106,3,0.014696905,0.014589429,True,0.11942558,Test
421,3,-1.9741817,-2.313623,-1.9441245,2.7344236,0.008799713,0.006266875,0.009068225,0.9758651,3,0.024430877,0.024134874,True,0.20187172,Test
422,3,-3.2446144,-4.6028776,-1.111235,3.9984026,0.00071022374,0.00018260347,0.0059966696,0.99311054,3,0.006913313,0.0068894625,True,0.063866526,Test
423,3,-2.682821,-1.4190824,-2.0772824,2.6207795,0.0048208977,0.017059356,0.008833033,0.9692867,3,0.031194884,0.03071332,True,0.24118759,Test
424,3,-0.8161477,-2.681993,-1.8864692,2.4956748,0.034562916,0.005349142,0.011851564,0.94823635,3,0.05315149,0.051763654,True,0.35670495,Test
425,3,-2.811401,-3.1742492,-1.497071,3.6399586,0.0015649914,0.001088752,0.0058253,0.99152094,3,0.00851524,0.008479059,True,0.08072637,Test
426,3,-3.9365978,-4.7407184,-1.264094,4.352806,0.0002501636,0.00011194348,0.0036214113,0.99601644,3,0.003991495,0.003983557,True,0.0395648,Test
427,3,-3.6511633,-3.7094893,-1.1796718,3.8630538,0.000541209,0.00051054545,0.0064079673,0.9925403,3,0.0074876854,0.0074597,True,0.06886585,Test
428,3,-3.507686,-3.8816745,-0.9536384,3.9606225,0.00056619104,0.00038953082,0.007280677,0.9917636,3,0.008270539,0.008236408,True,0.07405782,Test
429,3,-0.3416992,-2.4798267,-1.6810638,1.6969539,0.11037351,0.0130103165,0.028919198,0.847697,3,0.16523199,0.15230298,True,0.7823391,Test
430,3,-3.1684258,-2.4277337,-1.3668153,3.288866,0.0015468159,0.0032442713,0.009372769,0.98583615,3,0.01426511,0.014163852,True,0.12470106,Test
431,3,0.83187294,0.39333656,-3.961482,-1.656785,0.5759421,0.37147096,0.0047714594,0.04781547,0,3.040406,0.95218456,False,1.2356962,Test
432,3,-1.5110434,-0.71057355,-2.688453,1.2367984,0.052236855,0.11630989,0.016092908,0.8153603,3,0.20412515,0.18463969,True,0.9194745,Test
433,3,-4.9621696,-4.425821,-0.73366827,4.60111,6.99116e-05,0.000119531614,0.0047969394,0.99501365,3,0.0049988055,0.004986346,True,0.046652447,Test
434,3,-4.1861577,-3.9462404,-1.2936969,4.49512,0.00016915091,0.00021501526,0.003051085,0.9965648,3,0.0034411284,0.0034351945,True,0.03518264,Test
435,3,-0.12383905,-2.4975758,-1.8711147,1.8269379,0.12045971,0.011218665,0.020989863,0.84733176,3,0.16566299,0.15266824,True,0.7599972,Test
436,3,-4.969617,-4.2726884,-0.43609613,4.3021903,9.319629e-05,0.00018709866,0.00867524,0.9910445,3,0.0089958375,0.008955479,True,0.07584253,Test
437,3,-3.4770172,-5.1207967,-0.83074504,3.7387962,0.00072670454,0.0001404345,0.010247532,0.9888853,3,0.011176952,0.0111147165,True,0.09304139,Test
438,3,-0.761014,-0.92612886,-2.4656334,1.1837181,0.1108476,0.09397617,0.0201567,0.7750196,3,0.254867,0.22498041,True,1.0708694,Test
439,3,-4.2307925,-3.71881,-0.7245622,3.9369628,0.00028078753,0.00046852068,0.009356515,0.9898942,3,0.010157205,0.010105789,True,0.086061254,Test
440,3,-1.594871,-2.9987729,-1.5628756,3.1215649,0.008768288,0.0021538136,0.009053369,0.9800245,3,0.020177698,0.019975483,True,0.16897537,Test
441,3,-4.5900187,-4.1302676,-0.96432966,4.4831,0.00011418263,0.00018082873,0.004287623,0.99541736,3,0.0045931786,0.0045826435,True,0.044064574,Test
442,3,-2.6018546,-2.0245526,-1.8606995,3.1485977,0.0031327112,0.005580067,0.0065735467,0.9847136,3,0.0154044125,0.015286386,True,0.13736513,Test
443,3,-1.7050349,-0.66667765,-2.4715412,1.8387505,0.02571564,0.07263571,0.011948346,0.8897003,3,0.11687059,0.11029971,True,0.6369293,Test
444,3,-4.122692,-4.269146,-0.78027797,4.2559443,0.00022814277,0.00019706188,0.006453549,0.9931212,3,0.00690254,0.0068787932,True,0.062029414,Test
445,3,-2.6577718,-2.4679792,-1.4042025,3.123239,0.0030321558,0.0036658728,0.010621103,0.98268086,3,0.01747087,0.017319143,True,0.14943855,Test
446,3,-3.9353676,-4.941863,-0.46430552,4.154573,0.00030348724,0.00011092397,0.009763461,0.98982215,3,0.010230011,0.010177851,True,0.08481668,Test
447,3,-3.0420864,-3.204917,-1.3918588,3.6700017,0.0012057726,0.0010245871,0.0062798625,0.99148977,3,0.00854668,0.008510232,True,0.08002867,Test
448,3,-3.0194654,-2.8908093,-1.3588375,3.3148236,0.0017514101,0.0019918766,0.009216995,0.98703974,3,0.013044969,0.012960255,True,0.11480517,Test
449,3,-0.8287654,-2.5181983,-1.67968,2.5029829,0.033785067,0.0062375413,0.01442704,0.9455504,3,0.05598812,0.054449618,True,0.37541047,Test
450,3,-5.7022724,-5.084934,-0.649437,5.120702,1.9873063e-05,3.6844387e-05,0.0031094486,0.99683386,3,0.0031711787,0.0031661391,True,0.031312566,Test
451,3,-1.6003748,-2.2276187,-1.3890502,2.5235817,0.015486428,0.008270708,0.019130591,0.9571123,3,0.043834534,0.042887688,True,0.3200571,Test
452,3,-2.4821768,-3.3404136,-0.89222014,3.1436703,0.003523178,0.0014935058,0.017276026,0.97770727,3,0.022544982,0.022292733,True,0.17568275,Test
453,3,-2.2491498,0.09411448,-2.53714,0.63630146,0.033248443,0.3462885,0.024928652,0.59553444,3,0.51829606,0.40446556,True,1.2711521,Test
454,3,-1.3675976,-1.2507002,-2.3195221,1.5269438,0.048578568,0.054602496,0.018751198,0.87806773,3,0.13003153,0.12193227,True,0.7133209,Test
455,3,-2.0877616,-2.3731265,-0.58131266,1.6159617,0.021339882,0.016042046,0.09625751,0.86636055,3,0.1434541,0.13363945,True,0.7184454,Test
456,3,-0.95178473,-2.3133712,-1.3053894,2.3501399,0.03433679,0.008798936,0.024109665,0.9327546,3,0.06961316,0.067245424,True,0.4503491,Test
457,3,-1.6622554,-3.0342612,-1.3054363,2.9423685,0.009743953,0.0024710444,0.013921941,0.97386307,3,0.026484588,0.026136935,True,0.209563,Test
458,3,-2.2998025,-2.7016814,-1.5439614,3.1282284,0.004319675,0.0028901293,0.009198325,0.9835919,3,0.016544178,0.016408086,True,0.14400554,Test
459,3,-2.605074,-3.3897624,-1.2888647,3.4540882,0.002308391,0.0010532306,0.008608585,0.9880298,3,0.012042438,0.011970222,True,0.106856994,Test
460,3,-5.2168994,-4.736721,-0.6236977,4.7162886,4.829907e-05,7.806878e-05,0.0047724424,0.9951013,3,0.004910789,0.004898727,True,0.04560851,Test
461,3,-6.3357906,-5.167757,-0.6985049,5.516643,7.106782e-06,2.2853015e-05,0.001994873,0.9979752,3,0.0020268867,0.0020248294,True,0.021285113,Test
462,3,-4.649026,-5.1671066,-0.4547534,4.561116,9.9345125e-05,5.917619e-05,0.0065871263,0.99325436,3,0.0067685144,0.0067456365,True,0.059582327,Test
463,3,-0.30685332,-1.4289563,-2.5370853,1.3808997,0.14618997,0.04759863,0.01571593,0.79049546,3,0.23509538,0.20950454,True,0.97691804,Test
464,3,-2.6788702,-3.9933238,-1.0397236,3.6724641,0.0017250997,0.00046339835,0.008885598,0.988926,3,0.01113581,0.011074007,True,0.097404264,Test
465,3,-1.0649623,0.51724434,-2.5154479,-0.13274178,0.11573698,0.5631392,0.027135279,0.2939885,1,1.2242146,0.70601153,False,1.4870286,Test
466,3,-1.5512339,-3.0793447,-1.1682106,2.750113,0.0130748395,0.0028365224,0.019177027,0.96491164,3,0.03571874,0.03508836,True,0.2649298,Test
467,3,-2.3829966,-2.805552,-1.5089003,3.1463842,0.003905641,0.0025596395,0.009360684,0.984174,3,0.015952578,0.015825987,True,0.13901779,Test
468,3,-2.4356606,-2.7747037,-1.1796572,2.6898851,0.005764031,0.0041065915,0.02023958,0.9698898,3,0.030572813,0.03011018,True,0.2320941,Test
469,3,-0.06439304,-0.0907507,-3.0584648,0.024568912,0.3208101,0.31246477,0.016067166,0.35065797,3,1.0479441,0.64934206,True,1.6764877,Test
470,3,-3.8668237,-3.9896832,-1.005006,3.9297802,0.00040787927,0.00036072367,0.0071351533,0.9920962,3,0.00793519,0.007903814,True,0.07095524,Test
471,3,-1.5725117,-2.925659,-1.2144825,2.6008127,0.014788546,0.0038217406,0.021155128,0.9602345,3,0.04057771,0.039765477,True,0.29449573,Test
472,3,-3.8681986,-3.9591577,-0.93011343,4.121896,0.00033643213,0.00030718092,0.0063517233,0.9930046,3,0.007019975,0.00699538,True,0.06388158,Test
473,3,-4.1155667,-4.016147,-1.0430698,4.017654,0.00029159183,0.00032207184,0.006297147,0.99308914,3,0.00693486,0.0069108605,True,0.06313516,Test
474,3,-4.1500115,-3.6539972,-1.4560132,4.266913,0.0002202447,0.00036167778,0.0032575724,0.9961605,3,0.003846866,0.0038394928,True,0.039253324,Test
475,3,-4.463571,-4.690062,-0.37682164,4.2066236,0.00016983763,0.00013541605,0.0101131555,0.9895816,3,0.010473053,0.010418415,True,0.085845314,Test
476,3,-2.5794137,-2.0817552,-1.5330251,2.6216834,0.0053486396,0.008797789,0.015229447,0.9706241,3,0.029816026,0.02937591,True,0.23413289,Test
477,3,-2.7017584,-3.416577,-1.1538765,3.3142219,0.0024031631,0.0011758219,0.011298471,0.98512256,3,0.014989246,0.014877439,True,0.1267314,Test
478,3,-1.3298037,-2.5736616,-1.4872036,2.3282552,0.024432784,0.0070432397,0.02087445,0.94764954,3,0.053770524,0.05235046,True,0.37123153,Test
479,3,-4.086631,-4.2636676,-0.5846316,3.9893389,0.00030757269,0.0002576688,0.010205793,0.98922896,3,0.010829487,0.010771036,True,0.08962159,Test
480,3,-1.0532978,-1.4047773,-2.3379025,1.255615,0.083029695,0.058423534,0.022979295,0.8355675,3,0.17964415,0.16443253,True,0.87911844,Test
481,3,-4.0043173,-4.1521363,-0.88627607,4.0259624,0.00032288645,0.00027851757,0.0072978954,0.99210066,3,0.007930696,0.007899344,True,0.0701875,Test
482,3,-2.0538313,-4.2295074,-1.2548677,3.5199575,0.0037485894,0.00042558237,0.008333997,0.98749185,3,0.012587033,0.012508154,True,0.110470474,Test
483,3,-4.90132,-3.7388377,-1.1949301,4.570186,7.67499e-05,0.0002454355,0.0031242264,0.99655354,3,0.0034524142,0.0034464598,True,0.034956716,Test
484,3,-4.9857035,-4.656546,-0.7422233,4.751904,5.877166e-05,8.1680686e-05,0.004093438,0.99576616,3,0.0042428244,0.004233837,True,0.040501468,Test
485,3,-3.5119944,-3.5525894,-1.4159611,3.7735093,0.0006806937,0.0006536143,0.005536654,0.993129,3,0.0068947263,0.006870985,True,0.06546177,Test
486,3,-4.6041126,-4.6116753,-0.9032655,4.657958,9.457704e-05,9.386448e-05,0.0038286282,0.9959829,3,0.004025215,0.0040171146,True,0.039043758,Test
487,3,-4.039806,-3.8642468,-0.7607045,3.9234426,0.00034457387,0.00041070188,0.009149091,0.9900956,3,0.009953745,0.009904385,True,0.08476092,Test
488,3,-0.6736133,-2.44892,-1.7341001,1.6092788,0.08833364,0.014966497,0.030588808,0.8661111,3,0.14374211,0.1338889,True,0.7334738,Test
489,3,-2.221181,-3.064499,-1.5226649,3.1508656,0.004571552,0.0019670497,0.009192323,0.984269,3,0.015856016,0.015730977,True,0.13792321,Test
490,3,-1.7281433,1.4660903,-4.1231904,-0.72463006,0.035447806,0.8646242,0.0032317196,0.09669626,1,2.3361807,0.90330374,False,0.704881,Test
491,3,-3.4859893,-0.14383486,-2.962319,1.3458999,0.0063932114,0.18079993,0.010793098,0.8020138,3,0.22062947,0.19798619,True,0.8185328,Test
492,3,-3.2973418,-4.02273,-1.4826828,3.9645076,0.00069807423,0.0003379633,0.004285466,0.9946785,3,0.0053357333,0.0053215027,True,0.052583583,Test
493,3,-2.525409,-2.8054442,-1.3468585,3.0965219,0.0035533055,0.0026854365,0.011547038,0.98221415,3,0.017945895,0.017785847,True,0.15159772,Test
494,3,-2.3671803,-3.7897193,-1.1491814,3.5402722,0.0026853594,0.00064744323,0.009077634,0.98758954,3,0.012488144,0.012410462,True,0.10916389,Test
495,3,-3.0984335,-2.9372673,-1.2151916,3.0054913,0.0021912488,0.002574455,0.0144069875,0.98082733,3,0.019358864,0.019172668,True,0.15702403,Test
496,3,-3.8167012,-3.604396,-1.2301993,3.8862066,0.00044837056,0.00055442145,0.005955805,0.9930414,3,0.006982923,0.006958604,True,0.06501066,Test
497,3,-1.5778092,-2.4529881,-1.3853335,2.8168201,0.011955482,0.0049828948,0.014492998,0.9685686,3,0.031935968,0.031431377,True,0.24761923,Test
498,3,-2.479421,-3.9440713,-1.053912,3.4450457,0.0026352543,0.0006091621,0.0109625915,0.98579293,3,0.014308944,0.014207065,True,0.120815285,Test
499,3,0.961069,-0.62486583,-3.417214,-0.73693043,0.7141059,0.14621767,0.008959803,0.13071662,0,2.0347235,0.8692834,False,1.1971498,Test
500,3,-0.5518323,-2.576695,-2.210728,2.0576456,0.067049675,0.008851363,0.0127628455,0.91133606,3,0.09284354,0.088663936,True,0.5241383,Test
501,3,-4.6702805,-0.7365482,-1.8636812,3.045154,0.00043264797,0.022107158,0.0071618496,0.9702984,3,0.030151635,0.02970159,True,0.21964863,Test
502,3,-3.681969,-3.8455615,-0.7391295,3.7395034,0.00059090764,0.00050173263,0.0112093035,0.987698,3,0.012378297,0.012301981,True,0.102101915,Test
503,3,-4.0006914,-2.7823002,-1.3416098,3.654883,0.00046925162,0.0015868879,0.0067023975,0.99124146,3,0.008797104,0.008758545,True,0.08092522,Test
504,3,1.2687434,-2.3145514,-2.5708258,0.34234595,0.69191486,0.019224165,0.014878152,0.27398282,0,1.2946899,0.7260172,False,1.0793103,Test
505,3,-3.369109,-3.090466,-1.0796582,3.5862803,0.00094252726,0.0012453943,0.009302286,0.98850983,3,0.011556704,0.011490166,True,0.100745425,Test
506,3,0.14198944,-1.5538298,-2.2967026,1.0138334,0.27307186,0.050094724,0.023832327,0.6530011,3,0.4261764,0.34699887,True,1.2577077,Test
507,3,-4.330621,-3.9861536,-0.9245746,4.2453628,0.00018743023,0.0002645086,0.005650236,0.99389786,3,0.0061208652,0.0061021447,True,0.056433767,Test
508,3,-0.7461958,2.7645466,-3.3659909,-5.2596006,0.02893779,0.9686378,0.0021071858,0.00031718938,1,8.056011,0.9996828,False,0.21484753,Test
509,3,-2.5551643,-2.5197306,-1.6287841,3.332977,0.0027375084,0.0028362477,0.0069131735,0.9875131,3,0.01256549,0.012486875,True,0.1148177,Test
510,3,-1.617375,-1.6544527,-2.06426,2.5766952,0.014514779,0.013986464,0.0092839105,0.9622148,3,0.038517553,0.037785172,True,0.2909318,Test
511,3,0.16977783,-2.3244793,-2.0531178,1.0676776,0.27432618,0.022647751,0.029708177,0.6733179,3,0.39553767,0.3266821,True,1.1705925,Test
512,3,-3.037059,-0.19744784,-1.9058794,2.0272343,0.005571745,0.095327616,0.017268568,0.88183206,3,0.12575369,0.11816794,True,0.62607694,Test
513,3,-2.106954,-1.9089758,-1.5055847,2.6081524,0.008645713,0.010538573,0.015775107,0.9650406,3,0.03558507,0.034959376,True,0.2724519,Test
514,3,-3.2654831,-2.4410584,-1.5545218,3.0138214,0.0018442277,0.004205887,0.010206471,0.98374337,3,0.016390212,0.01625663,True,0.14072034,Test
515,3,-2.6523285,-1.5690826,-2.1681764,2.3066664,0.006755497,0.019957447,0.010962808,0.9623242,3,0.038403872,0.037675798,True,0.28610256,Test
516,3,-4.3257356,-3.9951854,-0.89162874,4.080702,0.00022176982,0.00030864423,0.006875684,0.99259394,3,0.0074336114,0.007406056,True,0.06633319,Test
517,3,0.99770415,-1.5498508,-2.6449,-0.3950852,0.7391866,0.057858214,0.019354908,0.18360028,0,1.6949942,0.8163997,False,1.1192726,Test
518,3,-2.5647953,-2.817676,-1.6223686,2.9259846,0.004052045,0.003146657,0.010398363,0.9824029,3,0.017753735,0.01759708,True,0.15201877,Test
519,3,-2.1328373,-1.3729452,-1.8674235,2.3273234,0.010995847,0.02350962,0.01433826,0.9511563,3,0.050076865,0.04884368,True,0.35527432,Test
520,3,-0.9050826,-2.7778454,-2.2210467,2.3821127,0.03547408,0.0054523116,0.009514701,0.94955885,3,0.051757768,0.050441146,True,0.3466786,Test
521,3,-1.2471457,-1.5011789,-2.1562083,1.6216533,0.050519295,0.039186098,0.020354312,0.88994026,3,0.116600946,0.11005974,True,0.66479105,Test
522,3,-4.7965875,-4.222603,-1.1416634,4.485664,9.270387e-05,0.0001645796,0.003584356,0.9961584,3,0.0038490037,0.003841579,True,0.037961837,Test
523,3,-3.5108142,0.43301705,-2.6028996,1.1102091,0.0063819047,0.32940817,0.015821682,0.6483883,3,0.43326554,0.35161167,True,1.074197,Test
524,3,0.98475754,-3.69563,-2.061316,-0.042697378,0.706845,0.006556283,0.033607118,0.25299165,0,1.3743988,0.7470083,False,1.0675036,Test
525,3,-3.578884,-3.6406384,-0.80599666,3.7232642,0.0006660328,0.0006261464,0.010659707,0.9880482,3,0.012023828,0.011951804,True,0.100669615,Test
526,3,-4.2921133,-4.5834756,-0.49142838,4.2661204,0.00019026063,0.00014217122,0.008510699,0.99115694,3,0.0088824155,0.008843064,True,0.07539384,Test
527,3,-4.9942102,-4.233456,-0.8228118,4.3712554,8.513549e-05,0.00018218045,0.005517291,0.9942154,3,0.005801387,0.005784571,True,0.053125065,Test
528,3,-3.1374652,-3.0967867,-1.4456189,3.3741934,0.0014696962,0.0015307139,0.007979711,0.9890198,3,0.011040905,0.010980189,True,0.099512696,Test
529,3,-2.493145,-0.07976395,-2.337908,1.162235,0.019222701,0.2147497,0.02245086,0.74357677,3,0.29628325,0.25642323,True,1.0269821,Test
530,3,-0.67469025,-0.7032123,-2.6660044,0.9326713,0.14088425,0.13692272,0.01923294,0.70296013,3,0.3524551,0.29703987,True,1.2581885,Test
531,3,-3.2227697,-3.8294535,-0.38737962,3.2782636,0.0014611094,0.0007965322,0.024892988,0.9728494,3,0.027525986,0.027150571,True,0.19322738,Test
532,3,-2.0356631,-2.0585036,-1.610519,2.7234826,0.00832269,0.00813475,0.012732143,0.9708104,3,0.029624049,0.029189587,True,0.2356128,Test
533,3,-2.0230126,-3.444109,-1.4704273,3.1325603,0.00566976,0.0013689587,0.0098525705,0.9831087,3,0.017035583,0.0168913,True,0.14516526,Test
534,3,-2.3944142,1.2331669,-2.7129822,0.39617503,0.01797284,0.67616886,0.013069663,0.29278862,1,1.2283043,0.7072114,False,1.0865613,Test
535,3,1.6213489,-0.115584,-3.9110503,-3.2594438,0.84202933,0.14824733,0.0033314768,0.00639184,0,5.052733,0.9936082,False,0.6911438,Test
536,3,-2.6588762,-2.0899384,-1.758271,3.1984992,0.0028166457,0.004975292,0.0069320253,0.9852761,3,0.014833396,0.014723897,True,0.13273315,Test
537,3,-1.2328283,0.29441673,-3.680018,-0.62238735,0.13274482,0.61135244,0.011487264,0.24441546,1,1.4088857,0.75558454,False,1.3915542,Test
538,3,-2.808351,-2.3167365,-1.30468,3.104955,0.0026520956,0.004336055,0.011929583,0.9810823,3,0.01909891,0.01891768,True,0.15998828,Test
539,3,-5.43729,-4.653543,-0.836753,4.960937,3.0391288e-05,6.654669e-05,0.0030250829,0.996878,3,0.0031268536,0.003121972,True,0.031192765,Test
540,3,0.23804748,-0.43838906,-2.5195365,-0.31156865,0.4653237,0.23658244,0.029522397,0.2685715,0,1.3146381,0.7314285,False,1.6649809,Test
541,3,-3.3684561,-2.5877757,-1.3430499,3.526346,0.0010021119,0.002187568,0.0075951978,0.9892152,3,0.010843402,0.010784805,True,0.09826476,Test
542,3,-3.1225858,-3.2511702,-0.6197502,2.9507184,0.0022311015,0.0019618953,0.02725756,0.9685495,3,0.03195571,0.03145051,True,0.22361135,Test
543,3,-1.6613019,1.0724584,-2.4735746,0.03957741,0.04481639,0.6897535,0.019891676,0.24553838,1,1.404302,0.75446165,False,1.1802497,Test
544,3,-1.2039238,0.30894175,-3.1787302,0.4520439,0.09160315,0.41585276,0.012713436,0.4798307,3,0.7343219,0.52016926,True,1.430696,Test
545,3,-1.1289734,2.9564373,-4.4811954,-3.355642,0.016499132,0.98114324,0.0005775767,0.0017800457,1,6.331116,0.99821997,False,0.14711758,Test
546,3,-5.017844,-4.656305,-0.4269301,4.5217743,7.142519e-05,0.000102533486,0.0070414175,0.9927846,3,0.0072415494,0.0072153807,True,0.06306,Test
547,3,-5.735914,-4.6040263,-0.61960745,4.9105654,2.3688182e-05,7.3469084e-05,0.0039492585,0.99595356,3,0.00405466,0.00404644,True,0.038730524,Test
548,3,-4.166618,-3.055977,-1.3515594,3.798871,0.00034476013,0.0010467967,0.005755477,0.992853,3,0.007172668,0.007147014,True,0.06742822,Test
549,3,-1.0475246,-2.424074,-1.6201415,2.0963776,0.039982896,0.010093609,0.022552252,0.92737126,3,0.07540131,0.07262874,True,0.47687873,Test
550,3,-4.6715093,-5.0030212,-0.66176844,4.559934,9.736981e-05,6.989567e-05,0.005368249,0.99446446,3,0.0055509238,0.005535543,True,0.05071014,Test
551,3,-4.924885,-3.5706291,-1.3032088,4.4280653,8.639256e-05,0.0003346741,0.003231099,0.99634784,3,0.0036588646,0.0036521554,True,0.037022635,Test
552,3,-3.713999,-3.9189167,-0.7562162,3.9126277,0.0004823493,0.00039297703,0.009287751,0.989837,3,0.010215025,0.010163009,True,0.08704428,Test
553,3,1.0979861,-1.5017551,-2.2288733,-0.46355024,0.7575689,0.056281917,0.027201032,0.15894817,0,1.8391771,0.8410518,False,1.1002809,Test
554,3,2.4140837,-3.3913658,-2.316861,-2.2866805,0.979511,0.0029494066,0.008637463,0.008902119,0,4.721466,0.99109787,False,0.17389458,Test
555,3,-0.24435471,-0.7484667,-1.1380987,-2.5255318,0.47274023,0.28555483,0.19340801,0.048296977,0,3.0303862,0.951703,False,1.6968864,Test
556,3,-3.2254102,-2.2580142,-0.46830493,2.2329655,0.00393544,0.010354478,0.061999626,0.92371047,3,0.07935663,0.076289535,True,0.45418525,Test
557,3,-3.0536897,-3.849029,0.034607623,1.88346,0.00614388,0.00277352,0.13479486,0.8562877,3,0.15514885,0.14371228,True,0.6500741,Test
558,3,-5.2456284,-4.6729097,-0.7071199,4.83306,4.179551e-05,7.410674e-05,0.0039100163,0.9959741,3,0.004034001,0.0040258765,True,0.038695816,Test
559,3,-3.2288318,-0.5147889,-2.5250347,1.2004161,0.009805855,0.14797193,0.019821689,0.8224005,3,0.19552773,0.17759949,True,0.81744146,Test
560,3,-0.4428713,-0.80645096,-2.858827,0.92111784,0.17555465,0.12204265,0.015673863,0.68672884,3,0.3758158,0.31327116,True,1.2772955,Test
561,3,-3.0486655,-2.8898025,-1.189439,3.3724372,0.0016044375,0.0018806853,0.010298512,0.9862163,3,0.013879567,0.013783693,True,0.11965656,Test
562,3,-0.9447135,0.7842647,-2.7777448,0.18059856,0.10125557,0.5705643,0.016193608,0.31198645,1,1.1647954,0.68801355,False,1.4170372,Test
563,3,-2.2437232,-1.0502049,-1.9345117,1.9392049,0.014041287,0.046317518,0.019129153,0.9205121,3,0.08282518,0.07948792,True,0.51088977,Test
564,3,-0.5107192,0.9154442,-3.2133203,-0.8740518,0.16877398,0.7025551,0.011313076,0.11735786,1,2.1425273,0.88264215,False,1.2269416,Test
565,3,-2.9448156,-3.2184496,-1.3547384,3.3760233,0.0017771332,0.001351706,0.00871529,0.98815584,3,0.011914872,0.011844158,True,0.105737396,Test
566,3,-2.117341,-2.4973578,-1.5590769,2.995223,0.0058987597,0.004033866,0.010308886,0.9797585,3,0.020449169,0.020241499,True,0.17270942,Test
567,3,-0.78075874,-2.4328973,-2.1394918,0.9742827,0.13826837,0.026497694,0.03553305,0.7997009,3,0.2235175,0.20029908,True,0.9624341,Test
568,3,-2.4072912,-2.986007,-1.8457309,3.1300914,0.0038861162,0.0021786261,0.0068139397,0.9871213,3,0.0129623655,0.012878716,True,0.11788386,Test
569,3,0.025739804,1.2340012,-4.330768,-2.1589599,0.22356392,0.7484158,0.0028667802,0.025153518,1,3.6827576,0.9748465,False,0.9539361,Test
570,3,-2.538987,0.6847625,-2.7109108,0.33501813,0.0223854,0.56236905,0.018849473,0.3963961,1,0.92534137,0.6036039,False,1.2268764,Test
571,3,-0.90742016,0.63844645,-2.696192,-0.41537675,0.13342483,0.62603414,0.022304006,0.21823701,1,1.5221736,0.78176296,False,1.4123499,Test
572,3,-5.488069,-5.44051,-0.51112527,5.009811,2.7483346e-05,2.8822e-05,0.003985923,0.9959578,3,0.0040503857,0.004042208,True,0.038442254,Test
573,3,-1.8740171,-2.3662105,-1.6177557,2.7293813,0.009734601,0.005950608,0.0125779845,0.9717368,3,0.028670328,0.028263211,True,0.22864212,Test
574,3,-3.3472462,-4.469412,0.28225368,2.6054106,0.0023596382,0.0007682367,0.088944115,0.907928,3,0.09659023,0.09207201,True,0.46556142,Test
575,3,-1.459455,-2.1458423,-0.6288485,1.1840069,0.055991348,0.028185563,0.1284839,0.7873392,3,0.2390961,0.21266079,True,1.0299162,Test
576,3,-0.53809726,3.5520043,-5.362309,-6.1433873,0.016458826,0.9833484,0.00013221185,6.0541384e-05,1,9.712183,0.99993944,False,0.12389229,Test
577,3,-0.6794821,-0.7703168,-2.7686458,0.8818997,0.1470078,0.13424292,0.018198185,0.70055115,3,0.35588792,0.29944885,True,1.2604175,Test
578,3,-4.866285,-4.2890515,-1.3474271,4.8344893,6.10994e-05,0.00010882439,0.0020618525,0.9977683,3,0.002234226,0.002231717,True,0.023899665,Test
579,3,-2.941839,-3.4185991,-1.3183951,3.7144034,0.0012749985,0.0007915083,0.006464907,0.99146867,3,0.008567955,0.008531332,True,0.07969036,Test
580,3,-2.7948282,-3.782802,-1.0470846,3.6400619,0.0015864759,0.0005906929,0.009108962,0.9887138,3,0.011350345,0.011286199,True,0.09902484,Test
581,3,-2.0546718,-2.975538,-1.3064735,2.7118058,0.008263372,0.0032902604,0.017462071,0.9709843,3,0.029444998,0.02901572,True,0.22753105,Test
582,3,-4.2753696,-2.6632946,-1.346841,3.658451,0.00035526755,0.0017810281,0.006643539,0.9912202,3,0.00881861,0.008779824,True,0.08100628,Test
583,3,-2.9055042,-4.2799697,-1.0525185,3.8373864,0.0011687157,0.00029565545,0.0074550444,0.9910806,3,0.008959449,0.008919418,True,0.080349974,Test
584,3,-4.6009564,-3.6564748,-0.61212945,3.9471781,0.00019176598,0.0004931225,0.010353739,0.9889614,3,0.011099971,0.011038601,True,0.091891944,Test
585,3,-3.5604227,-3.90594,-0.80165815,3.8335102,0.00060842914,0.00043067892,0.009601218,0.98935974,3,0.010697284,0.010640264,True,0.09093675,Test
586,3,-2.4649212,-3.2119322,-1.0356997,3.1611466,0.0035308509,0.0016728491,0.014742884,0.98005337,3,0.020148255,0.019946635,True,0.16237219,Test
587,3,-3.9685845,-6.553405,2.852798,-2.325578,0.001082839,8.165653e-05,0.9932365,0.0055990256,2,5.1851625,0.994401,False,0.06338465,Test
588,3,-4.7378016,-5.243351,-0.4303245,4.5928802,8.806945e-05,5.312121e-05,0.0065394132,0.9933194,3,0.006703034,0.006680608,True,0.05900059,Test
589,3,-5.339716,-5.5220017,-0.27429634,4.957403,3.3548757e-05,2.795831e-05,0.005315697,0.9946228,3,0.0053916993,0.0053771734,True,0.048821166,Test
590,3,2.076772,-2.6843596,-2.8640554,-1.7164763,0.96318066,0.008240901,0.0068854713,0.02169307,0,3.8307624,0.97830695,False,0.27852312,Test
591,3,-2.8207078,-3.4193704,-1.1432803,3.3671465,0.0020255144,0.0011131132,0.010840092,0.98602134,3,0.014077294,0.01397866,True,0.11982804,Test
592,3,-1.5767511,-2.6802783,-1.8854902,2.5087924,0.016249506,0.0053899465,0.011933193,0.9664274,3,0.03414912,0.033572614,True,0.26104674,Test
593,3,-2.7112193,-3.472157,-1.4630381,3.4486253,0.0020907132,0.00097684,0.007284044,0.9896484,3,0.010405574,0.010351598,True,0.09496005,Test
594,3,-3.421321,-4.1144485,-0.46995014,3.6623135,0.0008244525,0.0004122343,0.015773559,0.98298967,3,0.017156638,0.017010331,True,0.13183792,Test
595,3,-1.6449594,-2.7091157,-1.558596,2.980299,0.009572643,0.0033027416,0.010436118,0.97668856,3,0.023587462,0.023311436,True,0.19335376,Test
596,3,-1.9540807,-2.8009195,-1.0813533,2.8306434,0.0080977855,0.0034720725,0.019381482,0.96904874,3,0.031440396,0.030951262,True,0.23885207,Test
597,3,-2.221022,-3.3831046,-1.1285993,3.0576167,0.004990092,0.0015610703,0.014877907,0.9785709,3,0.021662064,0.021429121,True,0.17361312,Test
598,3,-5.1911445,-4.5771117,-0.9817665,4.8024616,4.5545115e-05,8.416138e-05,0.0030658545,0.9968045,3,0.0032006486,0.0031955242,True,0.03199725,Test
599,3,-3.0668192,-3.8779352,-0.48649418,3.321484,0.00164071,0.0007290692,0.021659717,0.9759705,3,0.024322914,0.024029493,True,0.17677757,Test
600,3,-2.5112438,-3.5151484,-1.2743162,3.3051558,0.0029362328,0.0010759706,0.010115359,0.98587245,3,0.014228325,0.0141275525,True,0.12258298,Test
601,3,-5.5538654,-6.028429,-0.38221008,5.082139,2.393259e-05,1.4889816e-05,0.004217072,0.99574405,3,0.0042650215,0.0042559505,True,0.040003784,Test
602,3,-3.6857722,-3.965843,-1.1978269,4.123127,0.000403843,0.00030519624,0.004860863,0.9944301,3,0.005585421,0.0055698752,True,0.053483825,Test
603,3,-4.8574677,-5.5286183,-1.0807741,4.9162097,5.678452e-05,2.9023724e-05,0.0024798617,0.9974343,3,0.0025689953,0.002565682,True,0.026399605,Test
604,3,-2.6658278,-1.3080139,-1.8301121,2.0468369,0.008435785,0.032795675,0.01945684,0.93931174,3,0.06260787,0.060688257,True,0.4152374,Test
605,3,-3.835086,-5.544449,1.4186193,1.253701,0.0028196992,0.0005103123,0.53933436,0.45733556,2,0.78233784,0.5426644,False,1.0260587,Test
606,3,-2.343506,-3.467104,-0.80555975,3.1701803,0.003936326,0.0012797308,0.018323679,0.9764603,3,0.023821225,0.023539722,True,0.18303327,Test
607,3,-2.1792939,-2.7229548,-1.8328457,3.239396,0.004374874,0.0025401334,0.006186229,0.9868988,3,0.013187804,0.01310122,True,0.12034544,Test
608,3,-3.6676705,-3.9795306,-0.68033904,3.8131976,0.000556996,0.0004077678,0.011046731,0.9879885,3,0.012084249,0.012011528,True,0.099643365,Test
609,3,-3.2944226,-3.489345,-1.1895052,3.823008,0.0008043066,0.00066186266,0.006600483,0.9919334,3,0.008099331,0.008066595,True,0.07465757,Test
610,3,-2.6984897,-3.6727607,-0.81208616,3.436561,0.0021288572,0.00080357434,0.014041101,0.98302644,3,0.017119257,0.016973555,True,0.13784727,Test
611,3,-3.567463,-3.2828603,-1.2454921,3.737145,0.000666817,0.0008863557,0.0067986995,0.9916481,3,0.008386986,0.008351922,True,0.07697564,Test
612,3,-4.550391,-4.944078,-0.95747715,4.7153726,9.426937e-05,6.359088e-05,0.0034257337,0.99641645,3,0.0035899733,0.0035835505,True,0.035362463,Test
613,3,-4.2706137,-4.460791,-0.56423765,4.152175,0.00021776503,0.00018005073,0.008864349,0.99073786,3,0.009305321,0.009262145,True,0.07862427,Test
614,3,-0.3500748,-2.788959,-1.4924401,1.9518001,0.08772529,0.007654749,0.027989935,0.87663007,3,0.1316702,0.12336993,True,0.67272323,Test
615,3,-3.6041954,-4.119298,0.36223584,1.7294916,0.0038227222,0.002283844,0.20182359,0.7920699,3,0.23310563,0.20793009,True,0.78309065,Test
616,3,-1.2791101,-2.59896,-2.068905,2.7026024,0.018073421,0.0048287734,0.008204211,0.9688936,3,0.03160049,0.031106412,True,0.2428202,Test
617,3,-1.7542613,-1.2434007,-2.3122551,1.9628185,0.022531077,0.0375531,0.012895799,0.92702,3,0.0757801,0.07297999,True,0.48339498,Test
618,3,0.6476159,-3.8945723,-1.1184568,0.3400202,0.52168494,0.0055559846,0.089209825,0.3835493,0,0.9582871,0.61645067,False,1.3726622,Test
